ps3 sprite file, ps3 image, ryukishi best match, count of best match, confidence,all matches,match,match,match,match,match,match,match,match,match,match,match,match,match,match,match
_tsum_023_1.txt,sprite/aka_def_,Aka_Def,10,100%,10:Aka_Def,,,,,,,,,,,,,,,
_tsum_023_1.txt,sprite/aka_sakebi_,Aka_Def,-1,0%,,,,,,,,,,,,,,,,
_tsum_023_1.txt,sprite/aka_warai_,Aka_Def,-1,0%,,,,,,,,,,,,,,,,
_mina_020.txt,sprite/aks1_def_,Aks_Def,6,100%,6:Aks_Def,,,,,,,,,,,,,,,
_mina_020.txt,sprite/aks1_warai_,Aks_Warai,4,100%,4:Aks_Warai,,,,,,,,,,,,,,,
hima_tips_10.txt,sprite/chibimion_def_,me_se_de_a1,-1,75%,3:me_si_de_a1,1:me_si_de_a2,,,,,,,,,,,,,,
hima_tips_10.txt,sprite/chibimion_shinken_,me_se_ma_a1,-1,100%,1:me_si_ma_a1,,,,,,,,,,,,,,,
hima_tips_10.txt,sprite/chibimion_warai_,me_se_wa_a1,-1,50%,1:me_si_wa_a2,1:me_si_wa_a1,,,,,,,,,,,,,,
hima_tips_10.txt,sprite/chibimion_wink_,me_se_wi_a1,-1,100%,2:me_si_wi_a1,,,,,,,,,,,,,,,
_mina_tips_002.txt,sprite/ha1_au_,Ha_AuA1%,25,62%,25:Ha_AuA1%,14:filter_Hanyu,1:Kei_Def1,,,,,,,,,,,,,
_mina_026.txt,sprite/ha1_def_,Ha_DefA1%,-1,52%,15:filter_Hanyu,11:Ha_DefA1%,1:Ha_defA1%,1:Ha_DefA2%,1:no_data,,,,,,,,,,,
_mina_025.txt,sprite/ha1_def2_,Ha_DefA2%,3,43%,3:Ha_DefA2%,3:filter_Hanyu,1:no_data,,,,,,,,,,,,,
_mina_028.txt,sprite/ha1_odoroki_,Ha_OdorokiA1%,3,100%,3:Ha_OdorokiA1%,,,,,,,,,,,,,,,
_mina_tips_002.txt,sprite/ha1_warai_,Ha_WaraiA1%,-1,57%,8:filter_Hanyu,6:Ha_WaraiA1%,,,,,,,,,,,,,,
_mina_028.txt,sprite/ha1_yowaki_,Ha_YowakiA1%,22,63%,22:Ha_YowakiA1%,12:filter_Hanyu,1:no_data,,,,,,,,,,,,,
_tsum_012_1.txt,sprite/iri1_def1_,ir_si_de_a1,27,79%,27:ir_si_de_a1,5:Iri_Def1#,1:ta_si_de_a1,1:si_si_aw_a1,,,,,,,,,,,,
_tsum_012_1.txt,sprite/iri1_def2_,ir_si_de_a2,26,74%,26:ir_si_de_a2,5:Iri_Def2#,1:ir_si_wa_a1,1:oi_si_wa_a1,1:re_si_wa_a1,1:cinema,,,,,,,,,,
_tsum_012_1.txt,sprite/iri1_majime_,ir_si_ma_a1,5,38%,5:ir_si_ma_a1,4:Iri_majime#,2:Iri_Majime#,1:me_se_bi_b2,1:ir_si_de_a2,,,,,,,,,,,
_tsum_012_1.txt,sprite/iri1_majime2_,ir_si_ma_a2,5,36%,5:ir_si_ma_a2,2:Iri_Majime2#,2:Iri_majime2#,1:si_si_wa_b1,1:ir_si_de_a1,1:me_se_bi_a1,1:Me_DefA2$,1:Iri_majime#,,,,,,,,
_meak_013.txt,sprite/iri1_warai_,ir_si_wa_a1,15,71%,15:ir_si_wa_a1,2:Iri_Warai#,1:si_si_aw_a1,1:ir_si_de_a1,1:re_se_ik_b1,1:Iri_warai#,,,,,,,,,,
_meak_018.txt,sprite/iri2_def1_,ir_hk_de_a1,20,95%,20:ir_hk_de_a1,1:Iri_Def1+,,,,,,,,,,,,,,
hima_tips_07.txt,sprite/iri2_def2_,ir_hk_de_a2,11,100%,11:ir_hk_de_a2,,,,,,,,,,,,,,,
_meak_018.txt,sprite/iri2_majime_,ir_hk_ma_a1,16,94%,16:ir_hk_ma_a1,1:Iri_Majime+,,,,,,,,,,,,,,
hima_003.txt,sprite/iri2_majime2_,ir_hk_ma_a2,4,80%,4:ir_hk_ma_a2,1:ir_hk_ma_a1,,,,,,,,,,,,,,
hima_tips_07.txt,sprite/iri2_warai_,ir_hk_wa_a1,6,100%,6:ir_hk_wa_a1,,,,,,,,,,,,,,,
_meak_007.txt,sprite/iri3_def1_,Iri_Def1!,11,69%,11:Iri_Def1!,4:ir_yk_de_a1,1:sa_se_wa_a1,,,,,,,,,,,,,
_meak_007.txt,sprite/iri3_def2_,Iri_Def2!,9,64%,9:Iri_Def2!,3:ir_yk_de_a2,2:Iri_def2!,,,,,,,,,,,,,
_meak_006.txt,sprite/iri3_majime_,Iri_majime!,3,100%,3:Iri_majime!,,,,,,,,,,,,,,,
_meak_006.txt,sprite/iri3_majime2_,Iri_majime2!,2,67%,2:Iri_majime2!,1:Iri_Majime2!,,,,,,,,,,,,,,
_meak_006.txt,sprite/iri3_warai_,Iri_Warai!,4,40%,4:Iri_Warai!,3:ir_yk_wa_a1,3:Iri_warai!,,,,,,,,,,,,,
_mina_019.txt,sprite/kameda1a_def_,NEW_CHAR_KAMEDA,-1,0%,,,,,,,,,,,,,,,,
_tsum_003_3.txt,sprite/kameda1a_niyari_,NEW_CHAR_KAMEDA,-1,0%,,,,,,,,,,,,,,,,
_mina_013.txt,sprite/kameda1a_shinken_,NEW_CHAR_KAMEDA,-1,0%,,,,,,,,,,,,,,,,
_tsum_003_3.txt,sprite/kameda1a_warai_,NEW_CHAR_KAMEDA,-1,0%,,,,,,,,,,,,,,,,
_tsum_003_3.txt,sprite/kameda1b_odoroki_,NEW_CHAR_KAMEDA,-1,100%,1:no_data,,,,,,,,,,,,,,,
tata_003.txt,sprite/kameda2a_def_,NEW_CHAR_KAMEDA,-1,0%,,,,,,,,,,,,,,,,
tata_003.txt,sprite/kameda2a_niyari_,NEW_CHAR_KAMEDA,-1,0%,,,,,,,,,,,,,,,,
tata_003.txt,sprite/kameda2a_shinken_,NEW_CHAR_KAMEDA,-1,0%,,,,,,,,,,,,,,,,
tata_003.txt,sprite/kameda2a_warai_,NEW_CHAR_KAMEDA,-1,0%,,,,,,,,,,,,,,,,
_tsum_023_1.txt,sprite/kasa_1_,Kasa1,20,95%,20:Kasa1,1:no_data,,,,,,,,,,,,,,
_tsum_023_1.txt,sprite/kasa_2_,Kasa2,10,83%,10:Kasa2,2:Kasa3,,,,,,,,,,,,,,
_tsum_023_1.txt,sprite/kasa_3_,Kasa3,4,100%,4:Kasa3,,,,,,,,,,,,,,,
_tsum_010.txt,sprite/kei1_def1_,Kei_Def1,14,100%,14:Kei_Def1,,,,,,,,,,,,,,,
_tsum_010.txt,sprite/kei1_def2_,Kei_Def2,12,92%,12:Kei_Def2,1:kei_Def2,,,,,,,,,,,,,,
_meak_024.txt,sprite/kei1_ikari1_,Kei_Ikari1,1,100%,1:Kei_Ikari1,,,,,,,,,,,,,,,
_mina_028.txt,sprite/kei1_ikari2_,Kei_Ikari2,7,100%,7:Kei_Ikari2,,,,,,,,,,,,,,,
_tsum_026.txt,sprite/kei1_komaru_,Kei_Komaru,6,55%,6:Kei_Komaru,2:Kei_komaru,1:Kei_Nayamu,1:no_data,1:Re_BikkuriA1,,,,,,,,,,,
_tsum_008.txt,sprite/kei1_majime_,Kei_Majime,4,67%,4:Kei_Majime,1:Re_DefA1,1:Kei_Nayamu,,,,,,,,,,,,,
_meak_024.txt,sprite/kei1_majime2_,Kei_majime2,2,100%,2:Kei_majime2,,,,,,,,,,,,,,,
_meak_019_1.txt,sprite/kei1_nayamu_,kei_nayamu,1,100%,1:no_data,,,,,,,,,,,,,,,
_tsum_010.txt,sprite/kei1_warai_,Kei_Warai,18,90%,18:Kei_Warai,2:kei_Warai,,,,,,,,,,,,,,
_tsum_012_1.txt,sprite/kei2_def1_,Kei_Def1#,9,90%,9:Kei_Def1#,1:no_data,,,,,,,,,,,,,,
_meak_ep_02.txt,sprite/kei2_def2_,Kei_Def2#,4,100%,4:Kei_Def2#,,,,,,,,,,,,,,,
_meak_015_1.txt,sprite/kei2_ikari1_,kei_ikari1#,0,0%,,,,,,,,,,,,,,,,
_meak_015_1.txt,sprite/kei2_ikari2_,kei_ikari1#,-1,0%,,,,,,,,,,,,,,,,
_meak_ep_02.txt,sprite/kei2_komaru_,kei_komaru#,2,33%,2:no_data,2:Kei_Komaru#,1:Kei_Nayamu#,1:Kei_komaru#,,,,,,,,,,,,
_meak_ep_02.txt,sprite/kei2_majime_,Kei_majime#,2,40%,2:Kei_majime#,2:Kei_Majime#,1:Kei_majime2#,,,,,,,,,,,,,
_meak_019_2.txt,sprite/kei2_majime2_,Kei_majime2#,1,100%,1:Kei_majime2#,,,,,,,,,,,,,,,
_tsum_003_4.txt,sprite/kei2_nayamu_,kei_nayamu#,0,0%,,,,,,,,,,,,,,,,
_tsum_012_1.txt,sprite/kei2_warai_,Kei_Warai#,6,86%,6:Kei_Warai#,1:Kei_warai#,,,,,,,,,,,,,,
_meak_020.txt,sprite/ki_def_,NEW_CHAR_KI,-1,0%,,,,,,,,,,,,,,,,
_meak_020.txt,sprite/ki_komaru_,NEW_CHAR_KI,-1,0%,,,,,,,,,,,,,,,,
_meak_020.txt,sprite/ki_warai_,NEW_CHAR_KI,-1,0%,,,,,,,,,,,,,,,,
_tsum_026.txt,sprite/kuma_def_,NEW_CHAR_KUMI,-1,100%,3:no_data,,,,,,,,,,,,,,,
_tsum_026.txt,sprite/kuma_komaru_,NEW_CHAR_KUMI,-1,0%,,,,,,,,,,,,,,,,
_tsum_026.txt,sprite/kuma_warai_,NEW_CHAR_KUMI,-1,0%,,,,,,,,,,,,,,,,
_tsum_023_1.txt,sprite/me1a_akuwarai_a1_,me_se_aw_a1,32,70%,32:me_se_aw_a1,5:Me_AkuwaraiA1,3:me_se_aw_a2,1:me_se_wi_a2,1:si_si_aw_a1,1:ri_se_de_a1,1:me_AkuwaraiA2,1:Me_AkuwaraiA2,1:white,,,,,,,
_tsum_024_1.txt,sprite/me1a_def_a1_,me_se_de_a1,49,46%,49:me_se_de_a1,19:Me_DefA1,16:me_se_de_a2,10:Me_DefA2,2:re_se_de_a1,1:me_se_wi_a2,1:sa_se_aw_a1,1:sa_se_wa_a1,1:me_se_ma_b2,1:me_se_si_a1,1:Me_DefB1,1:Re_KomaruA1,1:no_data,1:Me_WinkA1,1:Me_DefB2,1:Me_defA1
_tsum_022.txt,sprite/me1a_hau_a1_,me_se_ha_a1,2,67%,2:me_se_ha_a1,1:Me_HauA1,,,,,,,,,,,,,,
tata_012.txt,sprite/me1a_hig_maji_a1_,me_se_him_a1,1,50%,1:me_se_him_a1,1:me_se_to_b2,,,,,,,,,,,,,,
_tsum_023_1.txt,sprite/me1a_huteki_a1_,me_se_fu_a1,9,56%,9:me_se_fu_a1,3:Me_HutekiA1,2:me_se_fu_a2,1:re_se_de_a1,1:me_se_wi_a1,,,,,,,,,,,
_meak_012.txt,sprite/me1a_ikari_a1_,me_se_ik_a2,3,43%,3:me_se_ik_a2,2:me_se_ik_a1,1:me_se_bi_a1,1:Me_IkariA1,,,,,,,,,,,,
_tsum_026.txt,sprite/me1a_majime_a1_,me_se_ma_a1,9,24%,9:me_se_ma_a1,6:me_se_ma_a2,4:Me_MajimeA2,3:Me_MajimeB2,3:Me_majimeA1,3:Me_MajimeA1,2:me_se_de_a1,2:Me_majimeA2,1:me_se_bi_a1,1:me_se_ma_b1,1:re_se_de_a1,1:no_data,1:Me_majimeB2,,,
_tsum_026.txt,sprite/me1a_odoroki_a1_,me_se_bi_a1,9,38%,9:me_se_bi_a1,4:me_se_bi_a2,4:Me_OdorokiA1,3:Me_OdorokiA2,1:me_se_th_a2,1:me_se_ha_b1,1:ti_si_ik_a1,1:Me_OdorokiB1,,,,,,,,
_tsum_022.txt,sprite/me1a_sinmyou_a1_,me_se_si_a2,2,25%,2:me_se_si_a2,2:Me_SinmyouA1,1:me_se_si_a1,1:me_se_de_b1,1:me_se_de_a1,1:me_se_si_b1,,,,,,,,,,
_tsum_024_1.txt,sprite/me1a_tohoho_a1_,me_se_th_a1,18,42%,18:me_se_th_a1,9:me_se_th_a2,7:Me_TohohoA1,2:ri_se_de_a1,2:Me_tohohoA1,1:oi_si_wa_a1,1:ti_si_ik_a1,1:Me_WinkA2,1:Me_TohohoA2,1:no_data,,,,,,
_tsum_024_1.txt,sprite/me1a_tokui_a1_,me_se_to_a1,16,46%,16:me_se_to_a1,9:Me_TokuiA1,3:me_se_to_a2,1:oi_si_wa_a1,1:si_si_wa_b1,1:sa_se_aw_b1,1:me_se_ma_a1,1:me_se_wa_b1,1:Me_tokuiA1,1:Me_tokuiA2,,,,,,
_tsum_024_1.txt,sprite/me1a_warai_a1_,me_se_wa_a1,29,42%,29:me_se_wa_a1,22:Me_WaraiA1,11:me_se_wa_a2,3:Me_waraiA1,1:oi_si_wa_a1,1:me_se_ik_a2,1:Me_WAraiA2,1:Me_WaraiA2,,,,,,,,
_tsum_024_1.txt,sprite/me1a_wink_a1_,me_se_wi_a1,45,38%,45:me_se_wi_a1,42:me_se_wi_a2,24:Me_WinkA1,6:Me_WinkA2,1:sa_se_aw_a1,1:Me_winkA1,1:me_WinkA1,,,,,,,,,
_tsum_024_2.txt,sprite/me1a_yowaki_a1_,me_se_yw_a1,8,33%,8:me_se_yw_a1,3:me_se_yw_a2,2:Me_YowakiA1,1:me_se_th_a2,1:me_se_th_a1,1:me_se_th_b2,1:me_se_de_a1,1:re_se_ko_a1,1:me_se_si_b2,1:me_se_ma_a2,1:me_se_ma_a1,1:Me_YowakiB1,1:Me_YowakiA2,1:Me_TohohoA1,,
_tsum_024_1.txt,sprite/me1b_akuwarai_a1_,me_se_aw_b2,11,31%,11:me_se_aw_b2,11:me_se_aw_b1,8:Me_AkuwaraiB1,2:Me_AkuwaraiB2,1:me_se_th_a2,1:me_se_aw_a1,1:me_AkuwaraiB1,1:Me_akuwaraiB2,,,,,,,,
_tsum_024_1.txt,sprite/me1b_def_a1_,me_se_de_b2,14,30%,14:me_se_de_b2,13:me_se_de_b1,9:Me_DefB1,9:Me_DefB2,1:ta_si_aw_a1,1:Me_defB2,,,,,,,,,,
_tsum_022.txt,sprite/me1b_hau_a1_,Me_HauB1,2,100%,2:Me_HauB1,,,,,,,,,,,,,,,
tata_008.txt,sprite/me1b_huteki_a1_,me_se_fu_b2,5,50%,5:me_se_fu_b2,3:me_se_fu_b1,1:me_se_aw_a2,1:me_se_aw_a1,,,,,,,,,,,,
tata_008.txt,sprite/me1b_ikari_a1_,me_se_ik_b2,1,25%,1:me_se_fu_b2,1:me_se_aw_a1,1:me_se_ik_b1,1:me_se_ik_b2,,,,,,,,,,,,
_tsum_026.txt,sprite/me1b_majime_a1_,me_se_ma_b2,10,38%,10:me_se_ma_b2,7:me_se_ma_b1,3:Me_MajimeB1,2:Me_MajimeB2,2:Me_majimeB2,1:re_se_na_a1,1:Me_majimeB1,,,,,,,,,
_tsum_026.txt,sprite/me1b_odoroki_a1_,me_se_bi_b2,6,26%,6:me_se_bi_b2,6:me_se_bi_b1,4:Me_OdorokiB1,2:Me_OdorokiB2,1:me_se_wi_b2,1:si_si_aw_a1,1:ri_se_de_a1,1:me_se_ik_a2,1:re_se_ik_b1,,,,,,,
_tsum_023_1.txt,sprite/me1b_sinmyou_a1_,me_se_si_b2,2,50%,2:me_se_si_b2,1:me_se_si_b1,1:Me_SinmyouB2,,,,,,,,,,,,,
_tsum_023_1.txt,sprite/me1b_tohoho_a1_,me_se_th_b1,9,33%,9:me_se_th_b1,4:me_se_th_b2,4:Me_TohohoB1,3:Me_TohohoB2,2:Me_tohohoB1,2:Me_tohohoB2,1:si_si_wa_b1,1:re_se_ik_b1,1:me_TohohoB2,,,,,,,
_tsum_022.txt,sprite/me1b_tokui_a1_,me_se_to_b2,6,35%,6:me_se_to_b2,5:me_se_to_b1,3:Me_TokuiB2,3:Me_TokuiB1,,,,,,,,,,,,
_tsum_024_1.txt,sprite/me1b_warai_a1_,me_se_wa_b1,9,25%,9:me_se_wa_b1,8:me_se_wa_b2,7:Me_WaraiB1,5:Me_WaraiB2,1:re_se_wa_a1,1:si_si_wa_b1,1:me_se_ik_a2,1:no_data,1:Me_AkuwaraiB1,1:Me_waraiB1,1:Me_waraiB2,,,,,
_tsum_024_1.txt,sprite/me1b_wink_a1_,me_se_wi_b2,23,37%,23:me_se_wi_b2,16:me_se_wi_b1,12:Me_WinkB2,3:me_se_wi_a1,3:Me_WinkB1,1:re_se_wa_a1,1:si_si_wi_a1,1:ir_si_wa_a1,1:si_si_aw_a1,1:Me_winkB1,,,,,,
_tsum_018.txt,sprite/me1b_yowaki_a1_,me_se_yw_b2,4,57%,4:me_se_yw_b2,2:me_se_yw_b1,1:Me_yowakiB1,,,,,,,,,,,,,
_meak_017.txt,sprite/me2_akuwarai_a1_,me_si_aw_a1,10,45%,10:me_si_aw_a1,8:me_si_aw_a2,2:Me_AkuwaraiA1#,1:me_si_fu_a2,1:me_si_de_a1,,,,,,,,,,,
_meak_016_2.txt,sprite/me2_def_a1_,me_si_de_a1,42,59%,42:me_si_de_a1,25:me_si_de_a2,2:Me_DefA1#,1:me_si_si_a1,1:me_si_si_a2,,,,,,,,,,,
_meak_014_2.txt,sprite/me2_hau_a1_,me_si_ha_a1,2,40%,2:me_si_ha_a1,2:Me_HauA1#,1:me_si_si_a2,,,,,,,,,,,,,
_meak_017.txt,sprite/me2_hig_maji_a1_,me_si_him_a1,1,20%,1:me_si_him_a1,1:me_se_him_a1,1:me_si_him_a2,1:me_si_to_a2,1:Me_Hi_majiA2#,,,,,,,,,,,
_tsum_004.txt,sprite/me2_huteki_a1_,me_si_fu_a1,8,44%,8:me_si_fu_a1,6:me_si_fu_a2,1:me_si_th_a2,1:me_si_aw_a1,1:me_si_si_a2,1:Me_HutekiA1#,,,,,,,,,,
_meak_015_2.txt,sprite/me2_ikari_a1_,me_si_ik_a1,2,29%,2:me_si_ik_a1,1:me_si_th_a1,1:me_si_ik_a2,1:me_si_th_a2,1:me_si_ma_a1,1:Me_TohohoA1#,,,,,,,,,,
tata_004.txt,sprite/me2_majime_a1_,me_si_ma_a1,19,54%,19:me_si_ma_a1,13:me_si_ma_a2,3:me_si_de_a2,,,,,,,,,,,,,
_tsum_004.txt,sprite/me2_odoroki_a1_,me_si_bi_a2,11,41%,11:me_si_bi_a2,8:me_si_bi_a1,3:Me_OdorokiA2#,2:me_si_th_a2,2:Me_OdorokiA1#,1:me_si_th_a1,,,,,,,,,,
_meak_017.txt,sprite/me2_sinmyou_a1_,me_si_si_a1,23,72%,23:me_si_si_a1,4:me_si_si_a2,4:Me_SinmyouA1#,1:Me_SinmyouA2#,,,,,,,,,,,,
_tsum_012_1.txt,sprite/me2_tohoho_a1_,me_si_th_a1,10,40%,10:me_si_th_a1,10:me_si_th_a2,2:Me_TohohoA1#,1:me_si_de_a1,1:Me_TohohoA2#,1:me_TohohoA1#,,,,,,,,,,
_meak_016_2.txt,sprite/me2_tokui_a1_,me_si_to_a1,11,52%,11:me_si_to_a1,9:me_si_to_a2,1:Me_TokuiA1#,,,,,,,,,,,,,
_tsum_012_1.txt,sprite/me2_warai_a1_,me_si_wa_a1,27,51%,27:me_si_wa_a1,17:me_si_wa_a2,4:Me_WaraiA2#,2:Me_WaraiA1#,1:sa_si_aw_a1,1:no_data,1:Kasa1,,,,,,,,,
_tsum_012_1.txt,sprite/me2_wink_a1_,me_si_wi_a2,39,51%,39:me_si_wi_a2,32:me_si_wi_a1,4:Me_WinkA2#,2:Me_WinkA1#,,,,,,,,,,,,
_meak_015_1.txt,sprite/me2_yowaki_a1_,me_si_yw_a1,3,30%,3:me_si_yw_a1,3:Me_YowakiA1#,1:me_si_bi_a2,1:me_si_th_a1,1:me_si_yw_a2,1:Me_SinmyouA2#,,,,,,,,,,
_tsum_001.txt,sprite/me3_akuwarai_a1_,Me_AkuwaraiA1&,4,40%,4:Me_AkuwaraiA1&,3:me_ta_aw_a2,2:me_ta_aw_a1,1:Me_AkuwaraiA2&,,,,,,,,,,,,
_tsum_001.txt,sprite/me3_def_a1_,me_ta_de_a1,6,75%,6:me_ta_de_a1,1:me_ta_de_a2,1:Me_DefA1&,,,,,,,,,,,,,
_tsum_001.txt,sprite/me3_huteki_a1_,me_ta_fu_a2,1,33%,1:me_ta_fu_a2,1:me_ta_fu_a1,1:Me_HutekiA1&,,,,,,,,,,,,,
_tsum_001.txt,sprite/me3_ikari_a1_,Me_IkariA2&,1,100%,1:Me_IkariA2&,,,,,,,,,,,,,,,
_tsum_001.txt,sprite/me3_majime_a1_,Me_MajimeA1&,1,50%,1:Me_MajimeA1&,1:Me_MajimeA2&,,,,,,,,,,,,,,
_tsum_001.txt,sprite/me3_odoroki_a1_,Me_OdorokiA1&,5,100%,5:Me_OdorokiA1&,,,,,,,,,,,,,,,
_tsum_001.txt,sprite/me3_tohoho_a1_,me_ta_th_a1,2,40%,2:me_ta_th_a1,2:Me_TohohoA2&,1:Me_TohohoA1&,,,,,,,,,,,,,
_tsum_001.txt,sprite/me3_tokui_a1_,Me_TokuiA1&,5,56%,5:Me_TokuiA1&,2:me_ta_to_a2,1:me_ta_to_a1,1:Me_TokuiA2&,,,,,,,,,,,,
_tsum_001.txt,sprite/me3_warai_a1_,me_ta_wa_a2,5,56%,5:me_ta_wa_a2,3:Me_WaraiA1&,1:Me_WaraiA2&,,,,,,,,,,,,,
_tsum_001.txt,sprite/me3_wink_a1_,me_ta_wi_a1,4,44%,4:me_ta_wi_a1,3:Me_WinkA2&,1:no_data,1:Me_WinkA1&,,,,,,,,,,,,
onik_005.txt,sprite/me4_akuwarai_a1_,me_mi_aw_a1,3,100%,3:me_mi_aw_a1,,,,,,,,,,,,,,,
onik_005.txt,sprite/me4_huteki_a1_,me_mi_fu_a2,1,100%,1:me_mi_fu_a2,,,,,,,,,,,,,,,
onik_005.txt,sprite/me4_wink_a1_,me_mi_wi_a1,1,50%,1:me_mi_wi_a1,1:me_mi_wi_a2,,,,,,,,,,,,,,
_tsum_003_3.txt,sprite/me5_akuwarai_a1_,Me_AkuwaraiA1$,2,67%,2:Me_AkuwaraiA1$,1:Me_AkuwaraiA2$,,,,,,,,,,,,,,
_tsum_003_3.txt,sprite/me5_def_a1_,me_defa2$,0,0%,,,,,,,,,,,,,,,,
_tsum_003_3.txt,sprite/me5_huteki_a1_,Me_HutekiA1$,1,100%,1:Me_HutekiA1$,,,,,,,,,,,,,,,
_tsum_003_3.txt,sprite/me5_tohoho_a1_,Me_TohohoA1$,4,80%,4:Me_TohohoA1$,1:Me_TohohoA2$,,,,,,,,,,,,,,
_tsum_003_3.txt,sprite/me5_warai_a1_,Me_WaraiA1$,2,67%,2:Me_WaraiA1$,1:Me_WAraiA2$,,,,,,,,,,,,,,
_tsum_003_4.txt,sprite/me5_wink_a1_,Me_WinkA1$,4,57%,4:Me_WinkA1$,3:Me_WinkA2$,,,,,,,,,,,,,,
hima_004.txt,sprite/miyuki_def_,NEW_CHAR_MIYUKI,-1,0%,,,,,,,,,,,,,,,,
hima_004.txt,sprite/miyuki_hatena_,NEW_CHAR_MIYUKI,-1,0%,,,,,,,,,,,,,,,,
hima_004.txt,sprite/miyuki_huan_,NEW_CHAR_MIYUKI,-1,0%,,,,,,,,,,,,,,,,
hima_004.txt,sprite/miyuki_kanashimi_,NEW_CHAR_MIYUKI,-1,0%,,,,,,,,,,,,,,,,
hima_004.txt,sprite/miyuki_neboke_,NEW_CHAR_MIYUKI,-1,0%,,,,,,,,,,,,,,,,
hima_004.txt,sprite/miyuki_warai_,NEW_CHAR_MIYUKI,-1,0%,,,,,,,,,,,,,,,,
_tsum_026.txt,sprite/oisi1_1_,oi_si_de_a1,85,57%,85:oi_si_de_a1,57:Oisi1,2:oi_si_wa_a1,2:no_data,1:me_se_wi_a1,1:si_si_wa_b1,1:Iri_majime#,,,,,,,,,
_tsum_025.txt,sprite/oisi1_2_,oi_si_wa_a1,90,62%,90:oi_si_wa_a1,47:Oisi2,2:ri_se_de_a1,2:no_data,1:si_si_wa_b1,1:si_si_wi_a1,1:Oisi4,,,,,,,,,
_tsum_026.txt,sprite/oisi1_3_,Oisi3,11,73%,11:Oisi3,3:oi_si_ma_a1,1:Oisi2,,,,,,,,,,,,,
_tsum_026.txt,sprite/oisi1_4_,Oisi4,51,68%,51:Oisi4,23:oi_si_de_a2,1:Oisi5,,,,,,,,,,,,,
_tsum_026.txt,sprite/oisi1_5_,oi_si_aw_a1,13,48%,13:oi_si_aw_a1,8:Oisi5,2:Oisi4,1:oi_si_wa_a1,1:oi_si_de_a1,1:Furiker_b,1:no_data,,,,,,,,,
hima_004.txt,sprite/oisi2_6_,oi_yk_de_a1,15,100%,15:oi_yk_de_a1,,,,,,,,,,,,,,,
hima_004.txt,sprite/oisi2_7_,oi_yk_wa_a1,7,100%,7:oi_yk_wa_a1,,,,,,,,,,,,,,,
hima_004.txt,sprite/oisi2_8_,oi_yk_ma_a1,1,50%,1:oi_yk_de_a1,1:oi_yk_ma_a1,,,,,,,,,,,,,,
hima_004.txt,sprite/oisi2_9_,oi_yk_de_a2,10,100%,10:oi_yk_de_a2,,,,,,,,,,,,,,,
_meak_015_1.txt,sprite/oka1_def_,NEW_CHAR_OKA,-1,100%,1:si_si_wi_a1,,,,,,,,,,,,,,,
_tsum_003_2.txt,sprite/oka1_odoroki_,NEW_CHAR_OKA,-1,100%,1:Re_KaiiB1#,,,,,,,,,,,,,,,
_tsum_003_3.txt,sprite/oka1_shinken_,NEW_CHAR_OKA,-1,100%,1:Ri_DefA1$,,,,,,,,,,,,,,,
_tsum_003_2.txt,sprite/oka1_tere_,NEW_CHAR_OKA,-1,0%,,,,,,,,,,,,,,,,
tata_005.txt,sprite/oka1_warai_,NEW_CHAR_OKA,-1,0%,,,,,,,,,,,,,,,,
_tsum_001.txt,sprite/oka2_odoroki_,NEW_CHAR_OKA,-1,0%,,,,,,,,,,,,,,,,
_tsum_001.txt,sprite/oka2_shinken_,NEW_CHAR_OKA,-1,0%,,,,,,,,,,,,,,,,
_tsum_001.txt,sprite/oka2_warai_,NEW_CHAR_OKA,-1,0%,,,,,,,,,,,,,,,,
_mina_026.txt,sprite/oko_def_,oko_def#,-1,100%,1:Ta_Def#,,,,,,,,,,,,,,,
_meak_012.txt,sprite/oryou_def_,NEW_CHAR_ORYOU,-1,100%,1:no_data,,,,,,,,,,,,,,,
_meak_012.txt,sprite/oryou_sakebi_,NEW_CHAR_ORYOU,-1,100%,1:no_data,,,,,,,,,,,,,,,
_meak_012.txt,sprite/oryou_shinken_,NEW_CHAR_ORYOU,-1,0%,,,,,,,,,,,,,,,,
_meak_010.txt,sprite/oryou_warai_,NEW_CHAR_ORYOU,-1,0%,,,,,,,,,,,,,,,,
_tsum_012_2.txt,sprite/re1a_bikkuri_a1_,re_se_bi_a1,19,79%,19:re_se_bi_a1,1:re_se_bi_b1,1:sa_se_aw_a1,1:re_se_ko_a1,1:Re_BikkuriB1,1:Re_BikkuriA1,,,,,,,,,,
_tsum_017.txt,sprite/re1a_def_a1_,re_se_de_a1,128,86%,128:re_se_de_a1,7:Re_DefA1,2:si_si_wi_a1,2:me_se_de_a1,2:re_se_de_b1,1:tm_si_de_a1,1:re_se_wa_b1,1:ri_se_de_a1,1:si_si_fu_a1,1:Re_KomaruA1,1:Re_DefB1,1:Re_defA1,1:Re_WaraiA1,,,
_tsum_009.txt,sprite/re1a_hau_a1_,re_se_ha_a1,36,88%,36:re_se_ha_a1,3:Re_HauA1,1:si_si_wa_a1,1:re_se_wa_a1,,,,,,,,,,,,
tata_012.txt,sprite/re1a_hig_def_a1_,re_se_hi_a1,6,86%,6:re_se_hi_a1,1:re_se_hi_b1,,,,,,,,,,,,,,
onik_015.txt,sprite/re1a_hig_muhyou_a1_,re_se_him_a1,2,100%,2:re_se_him_a1,,,,,,,,,,,,,,,
onik_015.txt,sprite/re1a_hig_okoru_a1_,re_se_hii_a1,1,100%,1:re_se_hii_a1,,,,,,,,,,,,,,,
tata_003.txt,sprite/re1a_kaii_a1_,re_se_ka_a1,7,100%,7:re_se_ka_a1,,,,,,,,,,,,,,,
_tsum_012_2.txt,sprite/re1a_komaru_a1_,re_se_ko_a1,38,78%,38:re_se_ko_a1,4:Re_KomaruA1,2:re_se_de_a1,1:oi_si_wa_a1,1:si_si_aw_a1,1:me_se_bi_a1,1:si_si_fu_a1,1:Re_KomaruB1,,,,,,,,
_meak_024.txt,sprite/re1a_komaru_a2_,re_se_ko_a2,12,39%,12:re_se_ko_a2,8:re_se_ko_a1,3:re_se_de_a1,2:re_se_wa_b1,1:re_se_wa_a1,1:re_se_ha_a1,1:re_se_ko_b1,1:Re_BikkuriB1,1:Re_KomaruA1,1:Re_KomaruB1,,,,,,
_tsum_006.txt,sprite/re1a_nande_a1_,re_se_na_a1,67,80%,67:re_se_na_a1,5:re_se_de_a1,3:Re_NandeA1,2:re_se_de_b1,1:re_si_na_a1,1:ta_si_aw_a1,1:re_se_wa_b1,1:re_se_wa_a1,1:si_si_aw_a1,1:me_se_ik_a2,1:Re_DefB1,,,,,
_meak_024.txt,sprite/re1a_okoru_a1_,re_se_ik_a1,5,29%,5:re_se_ik_a1,3:re_se_de_a1,2:Re_OkoruA1,1:re_se_wa_a1,1:re_se_ko_a1,1:re_se_na_a1,1:re_se_ik_b1,1:no_data,1:Re_DefB1,1:Kei_Def1,,,,,,
_tsum_017.txt,sprite/re1a_warai_a1_,re_se_wa_a1,114,86%,114:re_se_wa_a1,7:Re_WaraiA1,2:si_si_aw_a1,2:re_se_ik_b1,1:re_se_de_a1,1:ir_si_wa_a1,1:si_si_wi_a1,1:me_se_bi_a1,1:me_se_ik_a2,1:re_se_ko_a1,1:cinema,1:Re_WaraiB1,,,,
_tsum_012_2.txt,sprite/re1b_bikkuri_b1_,re_se_bi_b1,29,91%,29:re_se_bi_b1,2:Re_BikkuriB1,1:me_se_ik_a2,,,,,,,,,,,,,
_tsum_009.txt,sprite/re1b_def_b1_,re_se_de_b1,36,78%,36:re_se_de_b1,2:Re_DefB1,1:sa_se_aw_a1,1:oi_si_wa_a1,1:ta_si_aw_a1,1:re_se_de_a1,1:re_se_wa_b1,1:me_se_bi_a1,1:me_se_ik_a2,1:RE_DefB1,,,,,,
_tsum_012_2.txt,sprite/re1b_hau_b1_,re_se_ha_b1,18,90%,18:re_se_ha_b1,1:no_data,1:Re_hauB1,,,,,,,,,,,,,
tata_012.txt,sprite/re1b_hig_def_b1_,re_se_hi_b1,1,100%,1:re_se_hi_b1,,,,,,,,,,,,,,,
tata_010_02.txt,sprite/re1b_hig_okoru_b1_,re_se_hii_b1,2,100%,2:re_se_hii_b1,,,,,,,,,,,,,,,
tata_tips_03.txt,sprite/re1b_kaii_b1_,re_se_ka_b1,16,100%,16:re_se_ka_b1,,,,,,,,,,,,,,,
tata_010_02.txt,sprite/re1b_komaru_b1_,re_se_ko_b1,10,100%,10:re_se_ko_b1,,,,,,,,,,,,,,,
tata_010_02.txt,sprite/re1b_komaru_b2_,re_se_ko_b2,4,44%,4:re_se_ko_b1,3:re_se_de_b1,1:re_se_ko_b2,1:re_se_ko_a1,,,,,,,,,,,,
_meak_021_1.txt,sprite/re1b_nande_b1_,re_se_na_b1,16,73%,16:re_se_na_b1,3:re_se_de_b1,1:ri_se_wa_a1,1:re_se_bi_b1,1:re_se_de_a1,,,,,,,,,,,
_meak_008.txt,sprite/re1b_okoru_b1_,re_se_ik_b1,5,56%,5:re_se_ik_b1,1:re_se_ko_a2,1:re_se_de_b1,1:si_si_wi_a1,1:Re_OkoruB1,,,,,,,,,,,
_tsum_012_2.txt,sprite/re1b_warai_b1_,re_se_wa_b1,86,90%,86:re_se_wa_b1,4:Re_WaraiB1,1:sa_se_aw_a1,1:wata_rena01,1:ta_si_de_a1,1:si_si_aw_a1,1:re_se_ik_b1,1:Re_waraiB1,,,,,,,,
_tsum_023_2.txt,sprite/re2a_bikkuri_a1_,re_si_bi_a1,7,50%,7:re_si_bi_a1,5:Re_BikkuriA1#,1:Re_bikkuriA1#,1:no_data,,,,,,,,,,,,
_tsum_op.txt,sprite/re2a_def_a1_,re_si_de_a1,45,60%,45:re_si_de_a1,20:Re_DefA1#,3:Re_DefB1#,2:Re_DefA1,1:re_si_de_b1,1:Re_defA1,1:no_data,1:Re_Defa1#,1:re_DefA1#,,,,,,,
_tsum_023_2.txt,sprite/re2a_hau_a1_,re_si_ha_a1,29,69%,29:re_si_ha_a1,12:Re_HauA1#,1:Re_BikkuriB1#,,,,,,,,,,,,,
_tsum_026.txt,sprite/re2a_hig_def_a1_,Re_Hi_DefA1#,8,62%,8:Re_Hi_DefA1#,2:re_si_hi_a1,2:Re_Hi_DefB1#,1:Re_WaraiB1#,,,,,,,,,,,,
_tsum_026.txt,sprite/re2a_hig_muhyou_a1_,Re_Hi_muhyouA1#,8,40%,8:Re_Hi_muhyouA1#,4:Re_Hi_muhyouB1#,2:Re_Hi_MuhyouB1#,2:Re_Hi_MuhyouA1#,1:re_si_him_a1,1:Re_WaraiA1#,1:no_data,1:Re_Hi_DefA1#,,,,,,,,
_tsum_026.txt,sprite/re2a_hig_okoru_a1_,Re_Hi_OkoruA1#,5,50%,5:Re_Hi_OkoruA1#,5:Re_Hi_OkoruB1#,,,,,,,,,,,,,,
_tsum_003_3.txt,sprite/re2a_kaii_a1_,re_si_ka_a1,9,64%,9:re_si_ka_a1,4:Re_KaiiA1#,1:no_data,,,,,,,,,,,,,
_tsum_026.txt,sprite/re2a_komaru_a1_,Re_KomaruA1#,9,53%,9:Re_KomaruA1#,6:re_si_ko_a1,1:Kei_Komaru#,1:Re_KomaruB1#,,,,,,,,,,,,
_tsum_op.txt,sprite/re2a_komaru_a2_,re_si_ko_a2,2,25%,2:re_si_ko_a2,2:re_si_ko_a1,1:Re_KomaruA1#,1:Re_DefB1#,1:Re_DefA1#,1:Re_Hi_OkoruA1#,,,,,,,,,,
_tsum_026.txt,sprite/re2a_nande_a1_,re_si_na_a1,23,68%,23:re_si_na_a1,8:Re_NandeA1#,1:no_data,1:Re_DefB1#,1:Re_KomaruB1#,,,,,,,,,,,
_tsum_op.txt,sprite/re2a_okoru_a1_,Re_OkoruB1#,-1,40%,2:Re_OkoruB1#,1:re_si_ko_a2,1:re_si_de_a1,1:Re_okoruA1#,,,,,,,,,,,,
_tsum_op.txt,sprite/re2a_warai_a1_,re_si_wa_a1,52,63%,52:re_si_wa_a1,23:Re_WaraiA1#,2:re_si_wa_b1,2:Re_WaraiB1#,1:me_si_wa_a2,1:Furiker_b,1:si_si_de_a1,1:Re_HauB1#,,,,,,,,
_tsum_023_2.txt,sprite/re2b_bikkuri_b1_,re_si_bi_b1,9,69%,9:re_si_bi_b1,4:Re_BikkuriB1#,,,,,,,,,,,,,,
_tsum_op.txt,sprite/re2b_def_b1_,Re_DefB1#,18,55%,18:Re_DefB1#,12:re_si_de_b1,1:re_si_de_a1,1:Re_DefB1,1:Re_Defb1#,,,,,,,,,,,
_tsum_023_2.txt,sprite/re2b_hau_b1_,re_si_ha_b1,9,64%,9:re_si_ha_b1,3:Re_HauB1#,1:re_si_ka_b1,1:Re_WaraiB1#,,,,,,,,,,,,
_tsum_025.txt,sprite/re2b_hig_def_b1_,Re_Hi_DefB1#,1,50%,1:Re_Hi_DefB1#,1:re_Hi_DefB1#,,,,,,,,,,,,,,
_tsum_021.txt,sprite/re2b_hig_muhyou_b1_,Re_Hi_muhyouB1#,5,83%,5:Re_Hi_muhyouB1#,1:re_si_him_b1,,,,,,,,,,,,,,
_tsum_021.txt,sprite/re2b_hig_okoru_b1_,Re_Hi_OkoruB1#,2,67%,2:Re_Hi_OkoruB1#,1:re_si_hii_b1,,,,,,,,,,,,,,
_tsum_004.txt,sprite/re2b_kaii_b1_,re_si_ka_b1,27,79%,27:re_si_ka_b1,7:Re_KaiiB1#,,,,,,,,,,,,,,
_tsum_023_2.txt,sprite/re2b_komaru_b1_,re_si_ko_b1,7,64%,7:re_si_ko_b1,4:Re_KomaruB1#,,,,,,,,,,,,,,
_tsum_op.txt,sprite/re2b_komaru_b2_,re_si_ko_b2,2,40%,2:Re_KomaruB1#,1:re_si_ko_b2,1:Sa_MuhyouA1,1:no_data,,,,,,,,,,,,
_tsum_023_2.txt,sprite/re2b_nande_b1_,Re_NandeB1#,4,50%,4:Re_NandeB1#,2:re_si_na_b1,1:re_si_na_a1,1:re_si_wa_b1,,,,,,,,,,,,
_tsum_op.txt,sprite/re2b_okoru_b1_,Re_OkoruB1#,11,48%,11:Re_OkoruB1#,8:Re_OkoruA1#,2:re_si_ik_b1,2:no_data,,,,,,,,,,,,
_tsum_023_2.txt,sprite/re2b_warai_b1_,re_si_wa_b1,34,65%,34:re_si_wa_b1,16:Re_WaraiB1#,1:Re_Waraib1#,1:Re_waraiB1#,,,,,,,,,,,,
onik_005.txt,sprite/re3a_bikkuri_a1_,re_ta_bi_a1,3,100%,3:re_ta_bi_a1,,,,,,,,,,,,,,,
_tsum_001.txt,sprite/re3a_def_a1_,re_ta_de_a1,7,50%,7:re_ta_de_a1,7:Re_DefA1&,,,,,,,,,,,,,,
_tsum_001.txt,sprite/re3a_hau_a1_,re_ta_ha_a1,4,67%,4:re_ta_ha_a1,2:Re_HauA1&,,,,,,,,,,,,,,
_tsum_001.txt,sprite/re3a_kaii_a1_,re_ta_ka_a1,2,67%,2:re_ta_ka_a1,1:re_KaiiA1&,,,,,,,,,,,,,,
_tsum_001.txt,sprite/re3a_komaru_a1_,re_ta_ko_a1,1,50%,1:re_ta_ko_a1,1:Re_KomaruA1&,,,,,,,,,,,,,,
onik_004.txt,sprite/re3a_komaru_a2_,re_ta_ko_a2,1,100%,1:re_ta_ko_a2,,,,,,,,,,,,,,,
onik_005.txt,sprite/re3a_nande_a1_,re_ta_na_a1,3,100%,3:re_ta_na_a1,,,,,,,,,,,,,,,
_tsum_001.txt,sprite/re3a_okoru_a1_,Re_OkoruA1&,2,100%,2:Re_OkoruA1&,,,,,,,,,,,,,,,
_tsum_001.txt,sprite/re3a_warai_a1_,Re_WaraiA1&,5,62%,5:Re_WaraiA1&,3:re_ta_wa_a1,,,,,,,,,,,,,,
_tsum_001.txt,sprite/re3b_bikkuri_b1_,re_ta_bi_b1,4,80%,4:re_ta_bi_b1,1:Re_BikkuriB1&,,,,,,,,,,,,,,
_tsum_001.txt,sprite/re3b_def_b1_,Re_DefB1&,9,90%,9:Re_DefB1&,1:Sa_WaraiA1&,,,,,,,,,,,,,,
onik_005.txt,sprite/re3b_hau_b1_,re_ta_ha_b1,3,100%,3:re_ta_ha_b1,,,,,,,,,,,,,,,
_tsum_001.txt,sprite/re3b_kaii_b1_,re_ta_ka_b1,4,67%,4:re_ta_ka_b1,2:Re_KaiiB1&,,,,,,,,,,,,,,
_tsum_001.txt,sprite/re3b_komaru_b1_,Re_KomaruB1&,1,100%,1:Re_KomaruB1&,,,,,,,,,,,,,,,
_tsum_001.txt,sprite/re3b_nande_b1_,Re_NandeB1&,1,100%,1:Re_NandeB1&,,,,,,,,,,,,,,,
_tsum_001.txt,sprite/re3b_okoru_b1_,Re_OkoruB1&,2,67%,2:Re_OkoruB1&,1:Re_WaraiB1&,,,,,,,,,,,,,,
_tsum_001.txt,sprite/re3b_warai_b1_,re_ta_wa_b1,2,40%,2:re_ta_wa_b1,2:Re_WaraiB1&,1:no_data,,,,,,,,,,,,,
_tsum_026.txt,sprite/renasen1_def_,re_okorub1#,-1,100%,1:no_data,,,,,,,,,,,,,,,
_tsum_026.txt,sprite/renasen1_ikakaku_,Re_Hi_OkoruB1#,-1,100%,1:Re_WaraiB1#,,,,,,,,,,,,,,,
_tsum_026.txt,sprite/renasen1_muhyokaku_,Re_Hi_muhyouB1#,-1,25%,1:Re_Hi_DefB1#,1:Re_Hi_muhyouB1#,1:no_data,1:Re_WaraiB1#,,,,,,,,,,,,
_tsum_026.txt,sprite/renasen1_tuukaku_,Re_Hi_muhyouB1#,-1,100%,1:Re_Hi_DefA1#,,,,,,,,,,,,,,,
_tsum_026.txt,sprite/renasen1_warai_,Re_Hi_DefB1#,-1,33%,1:Re_Hi_DefB1#,1:Re_DefA1#,1:Re_DefB1#,,,,,,,,,,,,,
_tsum_026.txt,sprite/renasen2_def_,re_okorub1#,-1,0%,,,,,,,,,,,,,,,,
_tsum_026.txt,sprite/renasen2_ikakaku_,Re_Hi_OkoruB1#,-1,60%,3:Re_Hi_OkoruB1#,1:Re_Hi_OkoruA1#,1:no_data,,,,,,,,,,,,,
_tsum_026.txt,sprite/renasen2_muhyokaku_,re_Hi_muhyouA1#,-1,50%,5:Re_Hi_DefA1#,1:Re_Hi_DefB1#,1:re_Hi_muhyouA1#,1:Re_Hi_muhyouA1#,1:Re_Hi_muhyouB1#,1:Re_DefB1#,,,,,,,,,,
_tsum_026.txt,sprite/renasen2_shinken_,re_okorub1#,-1,0%,,,,,,,,,,,,,,,,
_tsum_026.txt,sprite/renasen2_tuukaku_,re_hi_muhyoub1#,-1,100%,2:Re_Hi_DefB1#,,,,,,,,,,,,,,,
_tsum_026.txt,sprite/renasen2_warai_,Re_WaraiB1#,-1,40%,2:Re_WaraiB1#,1:re_WaraiB1#,1:Re_waraiA1#,1:Re_DefB1#,,,,,,,,,,,,
_tsum_026.txt,sprite/ri1_def_a1_,ri_se_de_a1,86,72%,86:ri_se_de_a1,23:Ri_DefA1,1:me_se_wi_a2,1:si_si_wi_a1,1:ta_si_de_a1,1:oi_si_wa_a1,1:si_si_aw_a1,1:sa_se_de_a1,1:no_data,1:Ri_KomaruA1,1:ri_defA1,1:Ri_defA1,,,,
_tsum_026.txt,sprite/ri1_fuman_a1_,Ri_FumanA1,8,31%,8:Ri_FumanA1,5:ri_se_ko_a1,5:Ri_KomaruA1,3:Ri_fumanA1,2:ri_se_de_a1,2:ri_se_ni_a1,1:Ri_WaraiA1,,,,,,,,,
_tsum_026.txt,sprite/ri1_komaru_a1_,ri_se_ko_a1,22,65%,22:ri_se_ko_a1,10:Ri_KomaruA1,1:si_si_fu_a1,1:Ri_komaruA1,,,,,,,,,,,,
_tsum_022.txt,sprite/ri1_komaru_a2_,ri_se_ko_a1,-1,67%,2:ri_se_ko_a1,1:Ri_KomaruA2,,,,,,,,,,,,,,
_tsum_026.txt,sprite/ri1_majime_a1_,Ri_majimeA1,4,50%,4:Ri_majimeA1,1:ri_se_wa_a1,1:ri_se_ko_a1,1:Ri_KomaruA1,1:Sa_nakuB1,,,,,,,,,,,
_tsum_020.txt,sprite/ri1_niko_a1_,ri_se_ni_a1,55,86%,55:ri_se_ni_a1,5:Ri_NikoA1,1:oi_si_wa_a1,1:ta_si_aw_a1,1:me_se_bi_a1,1:si_si_fu_a1,,,,,,,,,,
_tsum_026.txt,sprite/ri1_niyari_a1_,Ri_NiyariA1,6,100%,6:Ri_NiyariA1,,,,,,,,,,,,,,,
_tsum_025.txt,sprite/ri1_warai_a1_,ri_se_wa_a1,75,69%,75:ri_se_wa_a1,23:Ri_WaraiA1,2:me_se_bi_a1,2:si_si_fu_a1,2:Ri_WAraiA1,1:me_se_wi_a1,1:ir_si_wa_a1,1:oi_si_wa_a1,1:si_si_wa_b1,,,,,,,
_tsum_004.txt,sprite/ri2_def_a1_,ri_si_de_a1,20,83%,20:ri_si_de_a1,3:Ri_DefA1#,1:Ri_WaraiA1#,,,,,,,,,,,,,
_mina_019.txt,sprite/ri2_fuman_a1_,Ri_FumanA1#,2,67%,2:Ri_FumanA1,1:Ri_FumanA1#,,,,,,,,,,,,,,
_meak_021_2.txt,sprite/ri2_komaru_a1_,ri_si_ko_a1,5,71%,5:ri_si_ko_a1,2:Ri_KomaruA1#,,,,,,,,,,,,,,
tata_001.txt,sprite/ri2_komaru_a2_,ri_si_ko_a2,1,100%,1:sa_si_yah_b1,,,,,,,,,,,,,,,
_mina_019.txt,sprite/ri2_majime_a1_,Ri_MajimeA1#,2,67%,2:Ri_MajimeA1,1:Ri_MajimeA1#,,,,,,,,,,,,,,
_tsum_004.txt,sprite/ri2_niko_a1_,ri_si_ni_a1,25,89%,25:ri_si_ni_a1,1:ri_si_wa_a1,1:re_si_de_a1,1:Ri_NikoA1#,,,,,,,,,,,,
_meak_021_2.txt,sprite/ri2_niyari_a1_,Ri_NiyariA1#,2,67%,2:Ri_NiyariA1#,1:no_data,,,,,,,,,,,,,,
_tsum_004.txt,sprite/ri2_warai_a1_,ri_si_wa_a1,35,85%,35:ri_si_wa_a1,6:Ri_WaraiA1#,,,,,,,,,,,,,,
_tsum_001.txt,sprite/ri3_def_a1_,ri_ta_de_a1,5,83%,5:ri_ta_de_a1,1:Ri_DefA1&,,,,,,,,,,,,,,
_tsum_001.txt,sprite/ri3_komaru_a1_,Ri_KomaruA1&,2,67%,2:Ri_KomaruA1&,1:ri_ta_ko_a1,,,,,,,,,,,,,,
_tsum_001.txt,sprite/ri3_niko_a1_,ri_ta_ni_a1,3,60%,3:ri_ta_ni_a1,2:Ri_NikoA1&,,,,,,,,,,,,,,
_tsum_001.txt,sprite/ri3_warai_a1_,Ri_WaraiA1&,4,57%,4:Ri_WaraiA1&,3:ri_ta_wa_a1,,,,,,,,,,,,,,
onik_005.txt,sprite/ri4_komaru_a1_,ri_nk_ko_a1,3,100%,3:ri_nk_ko_a1,,,,,,,,,,,,,,,
_tsum_012_1.txt,sprite/ri5_def_a1_,ri_mk_de_a1,12,80%,12:ri_mk_de_a1,1:sa_si_aw_a1,1:Ri_KomaruA1%,1:Ri_DefA1#,,,,,,,,,,,,
_meak_016_2.txt,sprite/ri5_komaru_a1_,ri_mk_ko_a1,6,86%,6:ri_mk_ko_a1,1:Ri_komaruA1%,,,,,,,,,,,,,,
_meak_010.txt,sprite/ri5_niko_a1_,ri_mk_ni_a1,11,79%,11:ri_mk_ni_a1,2:ri_mk_de_a1,1:Ri_NikoA1%,,,,,,,,,,,,,
_meak_016_2.txt,sprite/ri5_warai_a1_,ri_mk_wa_a1,8,67%,8:ri_mk_wa_a1,4:Ri_WaraiA1%,,,,,,,,,,,,,,
_tsum_003_4.txt,sprite/ri6_def_a1_,Ri_DefA1$,3,100%,3:Ri_DefA1$,,,,,,,,,,,,,,,
_tsum_003_2.txt,sprite/ri6_komaru_a1_,Ri_KomaruA1$,1,100%,1:Ri_KomaruA1$,,,,,,,,,,,,,,,
_tsum_003_2.txt,sprite/ri6_niko_a1_,Ri_NikoA1$,1,100%,1:Ri_NikoA1$,,,,,,,,,,,,,,,
_tsum_003_4.txt,sprite/ri6_warai_a1_,Ri_WaraiA1$,3,60%,3:Ri_WaraiA1$,1:Re_KaiiB1#,1:Ri_waraiA1$,,,,,,,,,,,,,
hima_003_05.txt,sprite/rim_def_,ri_si_de_a1,-1,83%,19:ri_si_de_a1,2:ri_si_ni_a1,1:ri_si_wa_a1,1:ri_si_fu_a1,,,,,,,,,,,,
hima_003_05.txt,sprite/rim_komaru_,ri_si_ko_a1,-1,69%,9:ri_si_ko_a1,2:ri_si_ni_a1,2:ri_si_de_a1,,,,,,,,,,,,,
hima_003_05.txt,sprite/rim_majime_,ri_si_ko_a2,-1,78%,7:ri_si_fu_a1,1:ri_se_fu_a1,1:ri_si_ko_a2,,,,,,,,,,,,,
hima_003_04.txt,sprite/rim_niyari_,ri_niyaria1#,-1,100%,3:ri_si_ny_a1,,,,,,,,,,,,,,,
hima_tips_14.txt,sprite/rim_warai_,ri_si_wa_a1,-1,65%,13:ri_si_wa_a1,7:ri_si_ni_a1,,,,,,,,,,,,,,
_tsum_008.txt,sprite/rina_def_,Rina_Def,13,81%,13:Rina_Def,2:Rina_Warai,1:Rina_warai,,,,,,,,,,,,,
_tsum_018.txt,sprite/rina_ikari_,Rina_ikari,1,50%,1:Rina_Def,1:Rina_Ikari,,,,,,,,,,,,,,
_tsum_008.txt,sprite/rina_warai_,Rina_Warai,10,71%,10:Rina_Warai,2:Rina_Def,2:Rina_warai,,,,,,,,,,,,,
_tsum_025.txt,sprite/sa1a_akireru_a1_,sa_se_ak_a1,41,71%,41:sa_se_ak_a1,13:Sa_AkireruA1,1:si_si_wi_a1,1:ir_si_wa_a1,1:ri_se_de_a1,1:ri_se_ni_a1,,,,,,,,,,
_tsum_026.txt,sprite/sa1a_akuwarai_a1_,sa_se_aw_a1,69,85%,69:sa_se_aw_a1,8:Sa_AkuwaraiA1,2:sa_se_bi_b1,1:Furiker_b,1:si_si_fu_a1,,,,,,,,,,,
_tsum_026.txt,sprite/sa1a_def_a1_,sa_se_de_a1,36,75%,36:sa_se_de_a1,6:Sa_DefA1,1:sa_se_de_b1,1:si_si_aw_a1,1:ri_se_wa_a1,1:sa_se_ha_b1,1:Sa_YareyareB2,1:Sa_defA1,,,,,,,,
_tsum_010.txt,sprite/sa1a_hannbeso_a1_,sa_se_hn_a1,5,45%,5:sa_se_hn_a1,2:Sa_HannbesoA1,1:re_se_wa_b1,1:re_se_ko_b1,1:me_se_ik_a2,1:re_se_ik_b1,,,,,,,,,,
_meak_008.txt,sprite/sa1a_hannbeso_a3_,sa_se_hn_a3,2,67%,2:sa_se_hn_a3,1:Sa_HannbesoA3,,,,,,,,,,,,,,
_tsum_011.txt,sprite/sa1a_hau_a1_,sa_se_ha_a1,8,80%,8:sa_se_ha_a1,1:sa_se_aw_b1,1:Sa_HauA1,,,,,,,,,,,,,
tata_008.txt,sprite/sa1a_hau_a2_,sa_se_ha_a2,5,100%,5:sa_se_ha_a2,,,,,,,,,,,,,,,
_tsum_025.txt,sprite/sa1a_muhyou_a1_,sa_se_mu_a1,9,69%,9:sa_se_mu_a1,2:Sa_muhyouA1,1:sa_se_ha_a1,1:Sa_MuhyouA1,,,,,,,,,,,,
_tsum_025.txt,sprite/sa1a_muhyou_a2_,sa_se_mu_a2,8,80%,8:sa_se_mu_a2,1:Sa_MuhyouA2,1:Sa_muhyouA2,,,,,,,,,,,,,
omake_04.txt,sprite/sa1a_naku_a1_,sa_se_na_a1,7,88%,7:sa_se_na_a1,1:sa_se_hn_a1,,,,,,,,,,,,,,
_tsum_026.txt,sprite/sa1a_odoroki_a1_,sa_se_bi_a1,41,80%,41:sa_se_bi_a1,8:Sa_OdorokiA1,1:si_si_wi_a1,1:no_data,,,,,,,,,,,,
_meak_008.txt,sprite/sa1a_sakebu_a1_,sa_se_sa_a1,3,75%,3:sa_se_sa_a1,1:sa_se_na_b1,,,,,,,,,,,,,,
_tsum_026.txt,sprite/sa1a_warai_a1_,sa_se_wa_a1,37,79%,37:sa_se_wa_a1,5:Sa_WaraiA1,3:me_se_wi_a1,1:no_data,1:Ri_KomaruA1,,,,,,,,,,,
_tsum_026.txt,sprite/sa1a_yareyare_a1_,sa_se_ya_a1,9,53%,9:sa_se_ya_a1,4:Sa_YareyareA1,3:Sa_YAreyareA1,1:sa_se_bi_a1,,,,,,,,,,,,
_tsum_025.txt,sprite/sa1a_yareyare_a2_,sa_se_ya_a2,4,80%,4:sa_se_ya_a2,1:Sa_YareyareA2,,,,,,,,,,,,,,
_tsum_026.txt,sprite/sa1b_akireru_b1_,sa_se_ak_a2,8,67%,8:sa_se_ak_a2,3:Sa_AkireruB1,1:Sa_akireruB1,,,,,,,,,,,,,
_tsum_012_2.txt,sprite/sa1b_akuwarai_b1_,sa_se_aw_b1,20,74%,20:sa_se_aw_b1,5:Sa_AkuwaraiB1,1:sa_se_aw_a1,1:sa_se_wa_b1,,,,,,,,,,,,
_tsum_022.txt,sprite/sa1b_def_b1_,sa_se_de_b1,2,50%,2:sa_se_de_b1,2:Sa_DefB1,,,,,,,,,,,,,,
_meak_ep_03.txt,sprite/sa1b_hannbeso_b1_,sa_se_hn_b2,4,44%,4:sa_se_hn_b2,4:sa_se_hn_b1,1:Sa_HannbesoB1,,,,,,,,,,,,,
_meak_008.txt,sprite/sa1b_hannbeso_b3_,sa_se_hn_b3,1,50%,1:sa_se_hn_b3,1:Sa_HannbesoB3,,,,,,,,,,,,,,
_tsum_022.txt,sprite/sa1b_hau_b1_,sa_se_ha_b1,2,67%,2:sa_se_ha_b1,1:Sa_HauB1,,,,,,,,,,,,,,
tata_tips_03.txt,sprite/sa1b_hau_b2_,sa_se_ha_b2,4,50%,4:sa_se_wa_b1,3:sa_se_ha_b2,1:ri_se_de_a1,,,,,,,,,,,,,
_tsum_011.txt,sprite/sa1b_muhyou_b1_,Sa_muhyouB1,1,100%,1:Sa_muhyouB1,,,,,,,,,,,,,,,
_tsum_011.txt,sprite/sa1b_muhyou_b2_,Sa_MuhyouB2,1,100%,1:Sa_MuhyouB2,,,,,,,,,,,,,,,
_meak_ep_03.txt,sprite/sa1b_naku_b1_,sa_se_na_b1,8,67%,8:sa_se_na_b1,1:sa_se_na_b2,1:me_se_ik_a2,1:Sa_NakuA1,1:Sa_NakuB1,,,,,,,,,,,
_tsum_026.txt,sprite/sa1b_odoroki_b1_,sa_se_bi_b1,31,57%,31:sa_se_bi_b1,10:Sa_OdorokiB1,6:sa_se_bi_b2,2:si_si_fu_a1,1:sa_se_aw_a1,1:sa_se_na_b2,1:oi_si_wa_a1,1:ri_se_de_a1,1:re_se_ik_b1,,,,,,,
_meak_008.txt,sprite/sa1b_sakebu_b1_,sa_se_sa_b1,3,60%,3:sa_se_sa_b1,2:Sa_SakebuB1,,,,,,,,,,,,,,
_tsum_026.txt,sprite/sa1b_warai_b1_,sa_se_wa_b1,26,72%,26:sa_se_wa_b1,8:Sa_WaraiB1,1:re_se_wa_b1,1:Sa_waraiB1,,,,,,,,,,,,
_tsum_024_1.txt,sprite/sa1b_yareyare_b1_,sa_se_yah_b1,4,57%,4:sa_se_yah_b1,3:Sa_YareyareB1,,,,,,,,,,,,,,
tata_002.txt,sprite/sa1b_yareyare_b2_,sa_se_yah_b2,3,100%,3:sa_se_yah_b2,,,,,,,,,,,,,,,
_tsum_004.txt,sprite/sa2a_akireru_a1_,sa_si_ak_a1,16,76%,16:sa_si_ak_a1,4:Sa_AkireruA1#,1:ri_mk_de_a1,,,,,,,,,,,,,
tata_tips_01.txt,sprite/sa2a_akuwarai_a1_,sa_si_aw_a1,31,94%,31:sa_si_aw_a1,1:me_si_wi_a2,1:re_si_wa_a1,,,,,,,,,,,,,
_tsum_004.txt,sprite/sa2a_def_a1_,sa_si_de_a1,11,85%,11:sa_si_de_a1,1:sa_si_aw_a1,1:Sa_defA1#,,,,,,,,,,,,,
_meak_tips_02.txt,sprite/sa2a_hannbeso_a1_,sa_si_hn_a1,2,50%,2:Sa_HannbesoA1,1:sa_si_hn_a1,1:sa_si_bi_a1,,,,,,,,,,,,,
_mina_028.txt,sprite/sa2a_hannbeso_a3_,Sa_HannbesoA3#,1,100%,1:Sa_HannbesoA3#,,,,,,,,,,,,,,,
tata_001.txt,sprite/sa2a_hau_a1_,sa_si_ha_a1,3,100%,3:sa_si_ha_a1,,,,,,,,,,,,,,,
tata_001.txt,sprite/sa2a_hau_a2_,sa_si_ha_a2,1,100%,1:sa_si_ha_a2,,,,,,,,,,,,,,,
_meak_010.txt,sprite/sa2a_muhyou_a1_,Sa_MuhyouA1#,2,100%,2:Sa_MuhyouA1#,,,,,,,,,,,,,,,
_meak_010.txt,sprite/sa2a_muhyou_a2_,sa_muhyoua2#,0,0%,,,,,,,,,,,,,,,,
tata_004.txt,sprite/sa2a_naku_a1_,sa_si_na_a1,3,100%,3:sa_si_na_a1,,,,,,,,,,,,,,,
_tsum_004.txt,sprite/sa2a_odoroki_a1_,sa_si_bi_a1,39,93%,39:sa_si_bi_a1,3:Sa_OdorokiA1#,,,,,,,,,,,,,,
_tsum_004.txt,sprite/sa2a_warai_a1_,sa_si_wa_a1,29,88%,29:sa_si_wa_a1,2:Sa_WaraiA1#,1:ri_mk_de_a1,1:Furiker_a,,,,,,,,,,,,
_meak_010.txt,sprite/sa2a_yareyare_a1_,sa_si_ya_a1,9,90%,9:sa_si_ya_a1,1:Sa_YareyareA1#,,,,,,,,,,,,,,
tata_001.txt,sprite/sa2a_yareyare_a2_,sa_si_ya_a2,1,100%,1:sa_si_ya_a2,,,,,,,,,,,,,,,
tata_001.txt,sprite/sa2b_akireru_b1_,sa_si_ak_a2,5,100%,5:sa_si_ak_a2,,,,,,,,,,,,,,,
_tsum_004.txt,sprite/sa2b_akuwarai_b1_,sa_si_aw_b1,3,75%,3:sa_si_aw_b1,1:sa_si_ak_a1,,,,,,,,,,,,,,
wata_001.txt,sprite/sa2b_def_b1_,sa_si_ha_b2,-1,100%,1:sa_si_aw_a1,,,,,,,,,,,,,,,
tata_004.txt,sprite/sa2b_hannbeso_b1_,sa_si_hn_b1,1,100%,1:sa_si_hn_b1,,,,,,,,,,,,,,,
tata_004.txt,sprite/sa2b_hau_b2_,sa_si_ha_b2,3,100%,3:sa_si_ha_b2,,,,,,,,,,,,,,,
_meak_tips_02.txt,sprite/sa2b_muhyou_b1_,Sa_MuhyouA1#,-1,100%,1:Sa_MuhyouB1,,,,,,,,,,,,,,,
_meak_tips_02.txt,sprite/sa2b_naku_b1_,sa_si_na_a1,-1,100%,1:Sa_NakuB1,,,,,,,,,,,,,,,
_tsum_004.txt,sprite/sa2b_odoroki_b1_,sa_si_bi_b1,7,70%,7:sa_si_bi_b1,2:Sa_OdorokiB1#,1:Sa_odorokiB1#,,,,,,,,,,,,,
_tsum_012_1.txt,sprite/sa2b_warai_b1_,sa_si_wa_b1,3,60%,3:sa_si_wa_b1,1:sa_si_bi_a1,1:Sa_WaraiB1#,,,,,,,,,,,,,
tata_tips_01.txt,sprite/sa2b_yareyare_b1_,sa_si_yah_b1,3,75%,3:sa_si_yah_b1,1:sa_si_ak_a1,,,,,,,,,,,,,,
tata_001.txt,sprite/sa2b_yareyare_b2_,sa_si_yah_b2,2,100%,2:sa_si_yah_b2,,,,,,,,,,,,,,,
_tsum_001.txt,sprite/sa3_akireru_a1_,Sa_AkireruA1&,8,80%,8:Sa_AkireruA1&,2:sa_ta_ak_a1,,,,,,,,,,,,,,
_tsum_001.txt,sprite/sa3_akuwarai_a1_,Sa_AkuwaraiA1&,8,62%,8:Sa_AkuwaraiA1&,5:sa_ta_aw_a1,,,,,,,,,,,,,,
_tsum_001.txt,sprite/sa3_def_a1_,sa_ta_de_a1,3,75%,3:sa_ta_de_a1,1:Sa_DefA1&,,,,,,,,,,,,,,
_tsum_001.txt,sprite/sa3_hannbeso_a1_,sa_ta_hn_a1,2,67%,2:sa_ta_hn_a1,1:Sa_HannbesoA1&,,,,,,,,,,,,,,
_tsum_001.txt,sprite/sa3_odoroki_a1_,sa_ta_bi_a1,6,50%,6:sa_ta_bi_a1,4:Sa_OdorokiA1&,2:Sa_odorokiA1&,,,,,,,,,,,,,
_tsum_001.txt,sprite/sa3_warai_a1_,Sa_WaraiA1&,5,62%,5:Sa_WaraiA1&,2:sa_ta_wa_a1,1:no_data,,,,,,,,,,,,,
onik_005.txt,sprite/sa4_akuwarai_a1_,sa_ku_aw_a1,1,50%,1:sa_ku_bi_a1,1:sa_ku_aw_a1,,,,,,,,,,,,,,
onik_005.txt,sprite/sa4_odoroki_a1_,sa_ku_bi_a1,3,100%,3:sa_ku_bi_a1,,,,,,,,,,,,,,,
onik_005.txt,sprite/sa4_warai_a1_,sa_ku_wa_a1,1,100%,1:sa_ku_wa_a1,,,,,,,,,,,,,,,
tata_013_02.txt,sprite/sa5_akireru_a1_,sa_to_ak_a1,0,0%,,,,,,,,,,,,,,,,
tata_013_02.txt,sprite/sa5_hannbeso_a1_,sa_to_hn_a1,4,100%,4:sa_to_hn_a1,,,,,,,,,,,,,,,
tata_013_02.txt,sprite/sa5_hannbeso_a3_,sa_to_hn_a1,-1,0%,,,,,,,,,,,,,,,,
tata_013_02.txt,sprite/sa5_hau_a1_,sa_to_ha_a1,2,100%,2:sa_to_ha_a1,,,,,,,,,,,,,,,
tata_013_02.txt,sprite/sa5_muhyou_a1_,sa_to_mu_a1,2,100%,2:sa_to_mu_a1,,,,,,,,,,,,,,,
tata_013_02.txt,sprite/sa5_muhyou_a2_,sa_to_mu_a2,1,100%,1:sa_to_mu_a2,,,,,,,,,,,,,,,
tata_013_02.txt,sprite/sa5_odoroki_a1_,sa_to_bi_a1,3,100%,3:sa_to_bi_a1,,,,,,,,,,,,,,,
tata_013_02.txt,sprite/sa5_sakebu_a1_,sa_to_sa_a1,2,67%,2:sa_to_sa_a1,1:sa_to_bi_a1,,,,,,,,,,,,,,
tata_013_02.txt,sprite/sa5_warai_a1_,sa_to_wa_a1,1,100%,1:sa_to_wa_a1,,,,,,,,,,,,,,,
tata_013_02.txt,sprite/sa5_yareyare_a1_,sa_to_ya_a1,4,100%,4:sa_to_ya_a1,,,,,,,,,,,,,,,
tata_013_02.txt,sprite/sa5_yareyare_a2_,sa_to_ya_a2,3,100%,3:sa_to_ya_a2,,,,,,,,,,,,,,,
_tsum_003_3.txt,sprite/sa6_akireru_a1_,Sa_AkireruA1-,3,100%,3:Sa_AkireruA1-,,,,,,,,,,,,,,,
_tsum_003_3.txt,sprite/sa6_akuwarai_a1_,Sa_AkuwaraiA1-,2,100%,2:Sa_AkuwaraiA1-,,,,,,,,,,,,,,,
_tsum_003_3.txt,sprite/sa6_hau_a1_,Sa_AkuwaraiA1-,-1,0%,,,,,,,,,,,,,,,,
_tsum_003_3.txt,sprite/sa6_odoroki_a1_,Sa_OdorokiA1-,1,100%,1:Sa_OdorokiA1-,,,,,,,,,,,,,,,
_tsum_003_4.txt,sprite/sa6_warai_a1_,Sa_WaraiA1-,1,100%,1:Sa_WaraiA1-,,,,,,,,,,,,,,,
_tsum_003_3.txt,sprite/sa6_yareyare_a1_,Sa_YareyareA1-,1,100%,1:Sa_YareyareA1-,,,,,,,,,,,,,,,
_meak_021_1.txt,sprite/sato1_def1_,Sato_Def1,12,86%,12:Sato_Def1,1:Sato_komaru,1:Sato_Def2,,,,,,,,,,,,,
_meak_011.txt,sprite/sato1_def2_,Sato_Def2,15,94%,15:Sato_Def2,1:Sato_Warai,,,,,,,,,,,,,,
_meak_008.txt,sprite/sato1_ikari_,Sato_Ikari,2,50%,2:Sato_Ikari,2:Sato_ikari,,,,,,,,,,,,,,
_meak_021_1.txt,sprite/sato1_komaru_,Sato_Komaru,8,47%,8:Sato_Komaru,3:no_data,3:Sato_komaru,1:Sato_Def2,1:Sato_Tukare,1:Sato_tukare,,,,,,,,,,
_meak_011.txt,sprite/sato1_komaru2_,Sato_Komaru2,8,80%,8:Sato_Komaru2,1:Sato_Komaru,1:Sato_komaru2,,,,,,,,,,,,,
_meak_005.txt,sprite/sato1_tukare_,sato_tukare,0,0%,,,,,,,,,,,,,,,,
_meak_011.txt,sprite/sato1_warai_,Sato_Warai,11,85%,11:Sato_Warai,2:Sato_warai,,,,,,,,,,,,,,
_meak_006.txt,sprite/sato2_def1_,Sato_Def1!,2,100%,2:Sato_Def1!,,,,,,,,,,,,,,,
_meak_019_1.txt,sprite/sato2_def2_,Sato_Def2!,1,50%,1:Sato_Warai!,1:Sato_Def2!,,,,,,,,,,,,,,
_meak_006.txt,sprite/sato2_komaru_,Sato_Komaru2!,-1,100%,1:Sato_Def2!,,,,,,,,,,,,,,,
_meak_019_1.txt,sprite/sato2_komaru2_,Sato_Komaru2!,2,67%,2:Sato_Komaru2!,1:Sato_Def2!,,,,,,,,,,,,,,
_meak_006.txt,sprite/sato2_tukare_,Sato_Komaru2!,-1,100%,1:Sato_Warai!,,,,,,,,,,,,,,,
_meak_019_1.txt,sprite/sato2_warai_,Sato_Warai!,1,100%,1:Sato_Warai!,,,,,,,,,,,,,,,
_tsum_019.txt,sprite/si1a_akuwarai_a1_,si_si_aw_a1,22,73%,22:si_si_aw_a1,2:me_se_bi_a1,2:Si_AkuwaraiB1#,2:Si_AkuwaraiA1#,1:si_si_wa_b1,1:oi_si_wa_a1,,,,,,,,,,
_tsum_019.txt,sprite/si1a_def_a1_,si_si_de_a1,49,82%,49:si_si_de_a1,4:si_si_de_b1,4:Si_DefA1#,1:oi_si_wa_a1,1:ta_si_de_a1,1:no_data,,,,,,,,,,
wata_005.txt,sprite/si1a_hau_a1_,si_si_ha_a1,4,80%,4:si_si_ha_a1,1:si_si_ha_b1,,,,,,,,,,,,,,
omake_04.txt,sprite/si1a_huteki_a1_,si_si_fu_a1,2,100%,2:si_si_fu_a1,,,,,,,,,,,,,,,
wata_008.txt,sprite/si1a_ikari_a1_,si_si_ik_a1,1,100%,1:si_si_ik_a1,,,,,,,,,,,,,,,
wata_008.txt,sprite/si1a_majime_a1_,si_si_ma_a1,6,60%,6:si_si_ma_a1,3:si_si_de_a1,1:si_si_bi_a1,,,,,,,,,,,,,
_tsum_019.txt,sprite/si1a_odoroki_a1_,si_si_bi_a1,4,57%,4:si_si_bi_a1,2:si_si_bi_b1,1:Si_OdorokiA1#,,,,,,,,,,,,,
tata_tips_04.txt,sprite/si1a_tohoho_a1_,si_si_bi_a1,-1,100%,1:si_si_th_b1,,,,,,,,,,,,,,,
_tsum_007.txt,sprite/si1a_tokui_a1_,si_si_to_a1,1,50%,1:si_si_to_a1,1:Si_TokuiB1#,,,,,,,,,,,,,,
_tsum_019.txt,sprite/si1a_warai_a1_,si_si_wa_a1,23,72%,23:si_si_wa_a1,3:Si_WaraiA1#,2:si_si_wa_b1,1:sa_se_aw_a1,1:si_si_aw_a1,1:si_si_fu_a1,1:Si_WaraiB1#,,,,,,,,,
_tsum_007.txt,sprite/si1a_wink_a1_,si_si_wi_a1,29,67%,29:si_si_wi_a1,4:si_si_wi_b1,2:si_si_fu_a1,2:no_data,2:Si_WinkB1#,1:si_si_aw_b1,1:si_si_wa_b1,1:re_se_wa_b1,1:Si_WinkA1#,,,,,,,
wata_008.txt,sprite/si1a_yowaki_a1_,si_si_yw_a1,2,100%,2:si_si_yw_a1,,,,,,,,,,,,,,,
omake_04.txt,sprite/si1b_akuwarai_b1_,si_si_aw_b1,7,70%,7:si_si_aw_b1,1:si_si_fu_a1,1:ti_si_ik_a1,1:ti_si_ko_a1,,,,,,,,,,,,
tata_tips_04.txt,sprite/si1b_def_b1_,si_si_de_b1,9,100%,9:si_si_de_b1,,,,,,,,,,,,,,,
wata_005.txt,sprite/si1b_hau_b1_,si_si_ha_b1,1,100%,1:si_si_ha_b1,,,,,,,,,,,,,,,
omake_04.txt,sprite/si1b_huteki_b1_,si_si_fu_b1,0,0%,,,,,,,,,,,,,,,,
tata_004.txt,sprite/si1b_tokui_b1_,si_si_to_b1,2,100%,2:si_si_to_b1,,,,,,,,,,,,,,,
omake_04.txt,sprite/si1b_warai_b1_,si_si_wa_b1,11,92%,11:si_si_wa_b1,1:si_si_fu_a1,,,,,,,,,,,,,,
_tsum_019.txt,sprite/si1b_wink_b1_,si_si_wi_b1,14,70%,14:si_si_wi_b1,3:si_si_wi_a1,1:ta_si_de_a1,1:oi_si_wa_a1,1:Si_WinkB1#,,,,,,,,,,,
_tsum_004.txt,sprite/si2_akuwarai_a1_,si_ma_aw_a1,2,50%,2:si_ma_aw_a1,2:Si_AkuwaraiA1$,,,,,,,,,,,,,,
_tsum_004.txt,sprite/si2_def_a1_,si_ma_de_a1,15,94%,15:si_ma_de_a1,1:Si_DefA1$,,,,,,,,,,,,,,
wata_005.txt,sprite/si2_hau_a1_,si_ma_ha_a1,8,100%,8:si_ma_ha_a1,,,,,,,,,,,,,,,
wata_004.txt,sprite/si2_huteki_a1_,si_ma_aw_a1,-1,0%,,,,,,,,,,,,,,,,
wata_004.txt,sprite/si2_majime_a1_,si_ma_ma_a1,0,0%,,,,,,,,,,,,,,,,
wata_005.txt,sprite/si2_odoroki_a1_,si_ma_bi_a1,8,100%,8:si_ma_bi_a1,,,,,,,,,,,,,,,
wata_004.txt,sprite/si2_tokui_a1_,si_ma_to_a1,1,100%,1:si_ma_to_a1,,,,,,,,,,,,,,,
_tsum_004.txt,sprite/si2_warai_a1_,si_ma_wa_a1,11,85%,11:si_ma_wa_a1,2:Si_WaraiA1$,,,,,,,,,,,,,,
_tsum_004.txt,sprite/si2_wink_a1_,si_ma_wi_a1,9,69%,9:si_ma_wi_a1,4:Si_WinkA1$,,,,,,,,,,,,,,
wata_005.txt,sprite/si2_yowaki_a1_,si_ma_yw_a1,8,89%,8:si_ma_yw_a1,1:si_ma_de_a1,,,,,,,,,,,,,,
_meak_ep_03.txt,sprite/si3_akuwarai_a1_,Si_AkuwaraiA1,1,100%,1:Si_AkuwaraiA1,,,,,,,,,,,,,,,
_meak_ep_03.txt,sprite/si3_def_a1_,Si_DefA1,1,100%,1:Si_DefA1,,,,,,,,,,,,,,,
_mina_013.txt,sprite/si3_huteki_a1_,Si_HutekiA1,2,40%,2:Si_HutekiA1,1:Si_TohohoA1,1:Si_DefA1,1:Si_TokuiA1,,,,,,,,,,,,
_mina_028.txt,sprite/si3_ikari_a1_,Si_IkariA1,18,100%,18:Si_IkariA1,,,,,,,,,,,,,,,
_mina_028.txt,sprite/si3_majime_a1_,Si_MajimeA1,29,94%,29:Si_MajimeA1,2:Si_majimeA1,,,,,,,,,,,,,,
_mina_019.txt,sprite/si3_odoroki_a1_,Si_OdorokiA1,9,90%,9:Si_OdorokiA1,1:no_data,,,,,,,,,,,,,,
_mina_028.txt,sprite/si3_tohoho_a1_,Si_TohohoA1,12,100%,12:Si_TohohoA1,,,,,,,,,,,,,,,
_meak_ep_03.txt,sprite/si3_tokui_a1_,Si_TokuiA1,1,100%,1:Si_TokuiA1,,,,,,,,,,,,,,,
_meak_ep_03.txt,sprite/si3_warai_a1_,Si_WaraiA1,2,100%,2:Si_WaraiA1,,,,,,,,,,,,,,,
_meak_ep_03.txt,sprite/si3_wink_a1_,Si_WinkA1,2,100%,2:Si_WinkA1,,,,,,,,,,,,,,,
_mina_016.txt,sprite/si3_yowaki_a1_,Si_YowakiA1,4,100%,4:Si_YowakiA1,,,,,,,,,,,,,,,
_tsum_020.txt,sprite/ta1_akuwarai_,ta_si_aw_a1,18,60%,18:ta_si_aw_a1,6:Ta_Akuwarai#,1:ta_si_de_a1,1:si_si_aw_a1,1:si_si_wi_a1,1:ta_si_wa_a1,1:Ta_AkuWarai#,1:no_data,,,,,,,,
_tsum_020.txt,sprite/ta1_def_,ta_si_de_a1,54,60%,54:ta_si_de_a1,23:Ta_Def#,4:no_data,3:ta_si_wa_a1,2:si_si_aw_a1,2:Ta_def#,1:ta_si_aw_a1,1:si_si_wa_b1,,,,,,,,
_meak_014_1.txt,sprite/ta1_hatena_,ta_si_de_a1,-1,75%,3:ta_si_de_a1,1:Ta_Def#,,,,,,,,,,,,,,
_tsum_013.txt,sprite/ta1_human_,ta_si_aw_a1,-1,67%,2:ta_si_de_a1,1:no_data,,,,,,,,,,,,,,
_tsum_013.txt,sprite/ta1_warai_,ta_si_wa_a1,29,45%,29:ta_si_wa_a1,22:Ta_Warai#,2:ta_si_aw_a1,2:si_si_wi_a1,2:Ta_Def#,2:Ta_warai#,1:si_si_wa_b1,1:me_se_bi_a1,1:re_se_ko_a1,1:Tomi_Def#,1:no_data,,,,,
_mina_026.txt,sprite/ta2_akuwarai_,Ta_Akuwarai+,5,100%,5:Ta_Akuwarai+,,,,,,,,,,,,,,,
_mina_026.txt,sprite/ta2_def_,Ta_Def+,18,82%,18:Ta_Def+,2:Iri_Majime+,1:no_data,1:Iri_Majime2+,,,,,,,,,,,,
_mina_009_2.txt,sprite/ta2_hatena_,Ta_Def+,1,100%,1:Ta_Def+,,,,,,,,,,,,,,,
_mina_009_2.txt,sprite/ta2_human_,Ta_Akuwarai+,-1,0%,,,,,,,,,,,,,,,,
_mina_009_2.txt,sprite/ta2_warai_,Ta_Warai+,12,100%,12:Ta_Warai+,,,,,,,,,,,,,,,
_mina_ep.txt,sprite/ta3_akuwarai_,Ta_Akuwarai,8,73%,8:Ta_Akuwarai,2:no_data,1:Ta_AkuWarai,,,,,,,,,,,,,
_mina_ep.txt,sprite/ta3_def_,Ta_Def,10,100%,10:Ta_Def,,,,,,,,,,,,,,,
_tsum_007.txt,sprite/tetu_1_,Tetu1,3,100%,3:Tetu1,,,,,,,,,,,,,,,
_tsum_009.txt,sprite/tetu_2_,Tetu2,4,100%,4:Tetu2,,,,,,,,,,,,,,,
_tsum_018.txt,sprite/tetu_3_,Tetu3,4,100%,4:Tetu3,,,,,,,,,,,,,,,
_tsum_024_1.txt,sprite/tie_1_,Tie1,9,41%,9:Tie1,8:ti_si_de_a1,1:ir_si_wa_a1,1:oi_si_wa_a1,1:si_si_aw_a1,1:si_si_wi_a1,1:no_data,,,,,,,,,
_tsum_024_2.txt,sprite/tie_2_,ti_si_ik_a1,7,41%,7:ti_si_ik_a1,3:ti_si_ko_a1,2:Tie1,2:Tie2,1:Furiker_b,1:ri_se_ko_a1,1:no_data,,,,,,,,,
_tsum_025.txt,sprite/tie_3_,Tie3,4,44%,4:Tie3,3:ti_si_ko_a1,1:ir_si_wa_a1,1:me_se_bi_a1,,,,,,,,,,,,
wata_003.txt,sprite/tie_4_,ti_si_ik_a1,-1,0%,,,,,,,,,,,,,,,,
_tsum_015_2.txt,sprite/tomi1_def_,tm_si_de_a1,52,84%,52:tm_si_de_a1,3:Tomi_Def#,2:me_se_wi_a1,1:ta_si_aw_a1,1:oi_si_wa_a1,1:si_si_wa_b1,1:Ta_Def#,1:Tomi_def#,,,,,,,,
_tsum_012_1.txt,sprite/tomi1_komaru_,tm_si_ko_a1,32,78%,32:tm_si_ko_a1,3:Tomi_Komaru#,2:si_si_aw_a1,1:sa_si_aw_a1,1:si_si_wi_a1,1:re_se_ik_b1,1:re_se_wa_b1,,,,,,,,,
_tsum_012_1.txt,sprite/tomi1_warai_,tm_si_wa_a1,42,88%,42:tm_si_wa_a1,2:ti_si_ko_a1,2:Tomi_Warai#,1:ta_si_aw_a1,1:ta_si_de_a1,,,,,,,,,,,
_mina_026.txt,sprite/tomi2_def_,Tomi_Def,7,88%,7:Tomi_Def,1:no_data,,,,,,,,,,,,,,
_mina_007.txt,sprite/tomi2_komaru_,Tomi_Komaru,4,100%,4:Tomi_Komaru,,,,,,,,,,,,,,,
_mina_007.txt,sprite/tomi2_warai_,Tomi_Warai,4,100%,4:Tomi_Warai,,,,,,,,,,,,,,,
_tsum_012_1.txt,sprite/tomi3_def_,tm_si_de_a1,-1,100%,1:no_data,,,,,,,,,,,,,,,
_meak_015_1.txt,sprite/tomita1_def_,NEW_CHAR_TOMITA,-1,0%,,,,,,,,,,,,,,,,
_tsum_003_2.txt,sprite/tomita1_ikari_,NEW_CHAR_TOMITA,-1,0%,,,,,,,,,,,,,,,,
tata_008.txt,sprite/tomita1_kanashimi_,NEW_CHAR_TOMITA,-1,100%,1:me_se_aw_b2,,,,,,,,,,,,,,,
tata_005.txt,sprite/tomita1_odoroki_,NEW_CHAR_TOMITA,-1,0%,,,,,,,,,,,,,,,,
_tsum_003_3.txt,sprite/tomita1_shinken_,NEW_CHAR_TOMITA,-1,100%,1:me_se_wa_b1,,,,,,,,,,,,,,,
wata_003.txt,sprite/tomita1_tere_,NEW_CHAR_TOMITA,-1,0%,,,,,,,,,,,,,,,,
tata_005.txt,sprite/tomita1_warai_,NEW_CHAR_TOMITA,-1,0%,,,,,,,,,,,,,,,,
_tsum_001.txt,sprite/tomita2_ikari_,NEW_CHAR_TOMITA,-1,0%,,,,,,,,,,,,,,,,
_tsum_001.txt,sprite/tomita2_kanashimi_,NEW_CHAR_TOMITA,-1,0%,,,,,,,,,,,,,,,,
_tsum_001.txt,sprite/tomita2_odoroki_,NEW_CHAR_TOMITA,-1,100%,1:no_data,,,,,,,,,,,,,,,
_tsum_001.txt,sprite/tomita2_shinken_,NEW_CHAR_TOMITA,-1,0%,,,,,,,,,,,,,,,,
_tsum_001.txt,sprite/tomita2_warai_,NEW_CHAR_TOMITA,-1,100%,1:no_data,,,,,,,,,,,,,,,
_mats_022.txt,sprite/aks1_sakebi_,Aks_IkariB1,1,50%,1:Aks_IkariB1,1:Aks_IkariB2,,,,,,,,,,,,,,
_mats_023.txt,sprite/aks1_shinken_,Aks_MajimeA1,12,40%,12:Aks_MajimeA1,8:Aks_majimeA1,4:Aks_MajimeA2,3:Aks_majimeA2,1:Aks_IkariB1,1:Aks_majimeB2,1:Aks_IkariB2,,,,,,,,,
_mats_021.txt,sprite/aks2_kakusei_,aks_ikarib1,0,0%,NOTE: Portrait Image,,,,,,,,,,,,,,,
_mats_021.txt,sprite/aks2_niyari_,aks_defb1,-1,100%,1:Aks_MajimeA2,,,,,,,,,,,,,,,
_mats_021.txt,sprite/aks2_sakebi_,Aks_IkariB2,1,100%,1:Aks_IkariB2,,,,,,,,,,,,,,,
_mats_021.txt,sprite/aks2_shinken_,Aks_IkariB1,3,60%,3:Aks_IkariB1,1:Aks_IkariB2,1:no_data,,,,,,,,,,,,,
_mats_022.txt,sprite/ama_odoroki_,NEW_CHAR_AMA,0,0%,NOTE: Portrait Image,,,,,,,,,,,,,,,
_mats_022.txt,sprite/ama_niyari_,NEW_CHAR_AMA,-1,0%,,,,,,,,,,,,,,,,
_mats_022.txt,sprite/ama_sakebi_,NEW_CHAR_AMA,-1,0%,,,,,,,,,,,,,,,,
_mats_024.txt,sprite/ha1_muhyou_,ha_defa2%,-1,0%,,,,,,,,,,,,,,,,
_mats_012.txt,sprite/ha1_sakebi_,Ha_NiramuA1%,1,100%,1:Ha_NiramuA1%,,,,,,,,,,,,,,,
_mats_024.txt,sprite/ha1_shinken_,Ha_OyasiroA1%,1,100%,1:Ha_OyasiroA1%,,,,,,,,,,,,,,,
_mats_016.txt,sprite/ha2a_au_,Ha_AuA1,1,100%,1:Ha_AuA1,,,,,,,,,,,,,,,
_mats_025.txt,sprite/ha2a_def_,Ha_DefA1,5,42%,5:Ha_DefA1,3:Ha_NiramuA1,1:Ri_WaraiA1#,1:Ha_AuA1,1:Kei_Warai#,1:Ha_DefA1%,,,,,,,,,,
_mats_024.txt,sprite/ha2a_def2_,Ha_NiramuA1,18,95%,18:Ha_NiramuA1,1:Ha_SinmyouA1,,,,,,,,,,,,,,
_mats_016.txt,sprite/ha2a_muhyou_,ha_defa2,-1,0%,,,,,,,,,,,,,,,,
_mats_021.txt,sprite/ha2a_odoroki_,Ha_OdorokiA1,2,67%,2:Ha_OdorokiA1,1:Ha_NiramuA1,,,,,,,,,,,,,,
_mats_018.txt,sprite/ha2a_sakebi_,Ha_NiramuA1,1,100%,1:Ha_NiramuA1,,,,,,,,,,,,,,,
_mats_025.txt,sprite/ha2a_warai_,Ha_WaraiA1,11,79%,11:Ha_WaraiA1,1:Ha_OdorokiA1,1:Ha_Waraia1,1:Ha_WaraiA1%,,,,,,,,,,,,
_mats_025.txt,sprite/ha2a_yowaki_,Ha_YowakiA1,3,100%,3:Ha_YowakiA1,,,,,,,,,,,,,,,
_mats_023.txt,sprite/ha2b_def_,Ha_DefA1,1,100%,1:Ha_DefA1,,,,,,,,,,,,,,,
_mats_021.txt,sprite/ha2b_def2_,ha_defa2,-1,100%,1:Ri_NikoA1#,,,,,,,,,,,,,,,
_mats_022.txt,sprite/ha2b_warai_,Ha_WaraiA1,4,100%,4:Ha_WaraiA1,,,,,,,,,,,,,,,
_mats_013.txt,sprite/ha3a_au_,Ha_AuA1,11,92%,11:Ha_AuA1,1:Ha_Aua1,,,,,,,,,,,,,,
_mats_025.txt,sprite/ha3a_def_,Ha_DefA1,7,100%,7:Ha_DefA1,,,,,,,,,,,,,,,
_mats_013.txt,sprite/ha3a_def2_,Ha_DefA2,2,67%,2:Ha_DefA2,1:Ha_NiramuA1,,,,,,,,,,,,,,
_mats_025.txt,sprite/ha3a_odoroki_,Ha_OdorokiA1,11,100%,11:Ha_OdorokiA1,,,,,,,,,,,,,,,
_mats_013.txt,sprite/ha3a_warai_,Ha_WaraiA1,10,91%,10:Ha_WaraiA1,1:Ha_waraiA1,,,,,,,,,,,,,,
_mats_013.txt,sprite/ha3a_yowaki_,Ha_YowakiA1,9,100%,9:Ha_YowakiA1,,,,,,,,,,,,,,,
_kakera52.txt,sprite/miyo1_def_,NEW_CHAR_MIYO,-1,0%,,,,,,,,,,,,,,,,
_kakera52.txt,sprite/miyo1_komari_,NEW_CHAR_MIYO,-1,0%,,,,,,,,,,,,,,,,
_kakera52.txt,sprite/miyo1_majime_,NEW_CHAR_MIYO,-1,0%,,,,,,,,,,,,,,,,
_kakera52.txt,sprite/miyo1_warai_,NEW_CHAR_MIYO,-1,0%,,,,,,,,,,,,,,,,
_mats_006.txt,sprite/miyo3_def_,NEW_CHAR_MIYO,-1,0%,,,,,,,,,,,,,,,,
_mats_006.txt,sprite/miyo3_komari_,NEW_CHAR_MIYO,-1,0%,,,,,,,,,,,,,,,,
_mats_024.txt,sprite/oko_kumon_,Oko_Def2#,1,33%,1:Oko_Def2#,1:Oko_Akuwarai#,1:Oko_Warai#,,,,,,,,,,,,,
_mats_024.txt,sprite/oko_niyari_,oko_warai#,-1,50%,5:Oko_Akuwarai#,4:Oko_Warai#,1:oko_Akuwarai#,,,,,,,,,,,,,
_mats_024.txt,sprite/oko_odoroki_,oko_def2#,-1,55%,6:Oko_Def#,3:Oko_Akuwarai#,1:Oko_Def2#,1:oko_Def2#,,,,,,,,,,,,
_mats_024.txt,sprite/oko_sakebi_,Oko_Ikari#,8,67%,8:Oko_Ikari#,3:Oko_Akuwarai#,1:Oko_Def#,,,,,,,,,,,,,
_mats_016.txt,sprite/sa2b_hau_b1_,Sa_HauB1#,1,100%,1:Sa_HauB1#,,,,,,,,,,,,,,,
_mats_022.txt,sprite/si1b_majime_b1_,Si_MajimeB1#,5,83%,5:Si_MajimeB1#,1:Iri_Def1+,,,,,,,,,,,,,,
_mats_021.txt,sprite/si1b_odoroki_b1_,si_odorokib1#,-1,0%,,,,,,,,,,,,,,,,
_mats_022.txt,sprite/si1b_tohoho_b1_,Si_TohohoB1#,3,75%,3:Si_TohohoB1#,1:Si_TohohoA1#,,,,,,,,,,,,,,
_mats_022.txt,sprite/ta1_iradachi_,Ta_Ikari2#,3,30%,3:Ta_Ikari2#,2:Ta_Tukare#,2:Ta_Komaru#,2:Ta_Ikari#,1:Ta_Komaru2#,,,,,,,,,,,
_mats_020.txt,sprite/ta1_kanashimi_,Ta_Tukare#,2,50%,2:Ta_Tukare#,1:Ta_Komaru#,1:Ta_Komaru2#,,,,,,,,,,,,,
_mats_022.txt,sprite/ta1_sakebi_,Ta_Ikari#,6,67%,6:Ta_Ikari#,2:Ta_Ikari2#,1:Ta_ikari#,,,,,,,,,,,,,
_kakera11.txt,sprite/ta2_iradachi_,Ta_Komaru+,1,100%,1:Ta_Komaru+,,,,,,,,,,,,,,,
_mats_015.txt,sprite/ta2_kanashimi_,Ta_Tukare+,1,100%,1:Ta_Tukare+,,,,,,,,,,,,,,,
_kakera11.txt,sprite/ta2_sakebi_,Ta_Ikari+,1,50%,1:Ta_Ikari+,1:Ta_Ikari2+,,,,,,,,,,,,,,
_mats_022.txt,sprite/ta3_human_,Ta_Def,1,50%,1:Ta_Def,1:Ta_Komaru2,,,,,,,,,,,,,,
_mats_022.txt,sprite/ta3_iradachi_,Ta_Komaru,1,100%,1:Ta_Komaru,,,,,,,,,,,,,,,
_mats_022.txt,sprite/ta3_sakebi_,Ta_Ikari2,1,100%,1:Ta_Ikari2,,,,,,,,,,,,,,,
_mats_024.txt,sprite/ta5_akuwarai_,Ta_Akuwarai,1,100%,1:Ta_Akuwarai,,,,,,,,,,,,,,,
_mats_024.txt,sprite/ta5_human_,Ta_Komaru,3,75%,3:Ta_Komaru,1:Ta_Ikari,,,,,,,,,,,,,,
_mats_024.txt,sprite/ta5_iradachi_,Ta_Ikari2,2,50%,2:Ta_Ikari2,1:Ta_Ikari,1:Ta_Komaru2,,,,,,,,,,,,,
_mats_024.txt,sprite/ta5_sakebi_,Ta_Ikari2,4,57%,4:Ta_Ikari2,2:Ta_Komaru,1:Ta_Ikari,,,,,,,,,,,,,
_mats_014.txt,sprite/tomi1_shinken_,Tomi_Majime#,10,59%,10:Tomi_Majime#,4:Tomi_majime#,1:Tomi_Odoroki#,1:tomi_Majime#,1:Iri_majime#,,,,,,,,,,,
_kakera25.txt,sprite/tomi2_shinken_,Tomi_majime,1,100%,1:Tomi_majime,,,,,,,,,,,,,,,
_mats_024.txt,sprite/tomi3_ikari_,Tomi_Ikari#,2,67%,2:Tomi_Ikari#,1:Tomi_majime#,,,,,,,,,,,,,,
_mats_022.txt,sprite/tomi3_komaru_,Tomi_Odoroki#,1,100%,1:Tomi_Odoroki#,,,,,,,,,,,,,,,
_mats_024.txt,sprite/tomi3_shinken_,Tomi_Majime#,1,100%,1:Tomi_Majime#,,,,,,,,,,,,,,,
_mats_023.txt,sprite/tomi3_warai_,Tomi_Warai#,1,100%,1:Tomi_Warai#,,,,,,,,,,,,,,,
